"","ID","G1","G2","G3","G4","G5","G6","G7","G8","G9","G10","G11","G12","G13","G14","G15","G16","G17","G18","G19","G20","G21","G22","G23","G24","G25"
"1",1541,1,1,0,0,1,0,1,1,1,1,1,1,1,0,0,1,1,1,1,1,0,0,1,1,1
"2",1368,0,1,1,0,1,0,1,1,1,1,1,1,0,1,0,0,1,0,0,1,1,1,0,0,1
"3",42,1,0,1,1,0,0,1,0,0,1,1,NA,1,0,0,1,0,0,0,1,0,1,1,1,0
"4",1404,1,1,0,1,1,0,1,0,1,0,1,1,1,0,1,1,0,1,1,1,0,1,0,1,0
"5",181,1,0,0,0,1,0,0,1,0,0,0,0,0,1,1,1,0,0,0,1,1,0,1,0,0
"6",268,1,0,0,1,1,0,1,1,1,0,1,1,0,0,1,1,1,1,1,1,1,1,0,0,1
"7",29,0,1,1,0,1,0,1,0,1,0,1,1,1,1,1,1,0,1,0,1,1,0,0,0,1
"8",1517,0,0,1,0,1,0,0,1,0,0,1,1,0,1,0,0,1,1,0,1,0,1,1,0,0
"9",633,1,0,0,0,0,0,0,0,1,1,0,0,0,1,1,1,0,0,1,1,1,0,0,1,1
"10",1509,0,1,0,1,0,0,0,1,0,0,1,1,0,0,1,0,1,1,0,0,1,1,0,0,1
"11",1197,0,1,1,1,0,0,1,1,0,0,0,1,0,0,0,1,0,1,1,0,1,0,0,0,0
"12",491,1,0,0,0,1,0,1,0,1,0,NA,0,0,0,1,0,0,0,0,0,1,1,1,0,1
"13",1180,0,1,1,1,0,1,1,1,0,0,1,1,0,1,0,1,1,0,0,0,1,1,0,1,1
"14",1016,1,NA,1,0,1,1,0,1,0,0,1,0,1,0,1,0,0,0,0,1,0,1,0,1,1
"15",1383,0,1,1,0,1,1,1,1,1,1,0,NA,1,1,0,1,0,0,0,1,0,1,NA,1,1
"16",731,1,0,1,0,0,1,1,1,1,1,0,0,0,0,0,0,0,0,1,0,0,1,0,0,1
"17",407,0,0,1,0,0,1,1,1,1,0,1,0,0,1,0,1,0,0,1,1,0,0,0,0,1
"18",24,1,0,0,1,0,0,0,0,1,0,1,1,1,0,1,0,NA,0,0,0,1,0,1,0,0
"19",519,0,0,0,1,0,1,0,0,1,1,1,1,1,0,0,0,0,1,1,0,0,0,1,0,0
"20",1547,0,1,1,1,1,1,1,1,1,0,0,1,0,1,1,0,0,1,0,0,0,0,1,1,0
"21",131,0,1,0,0,0,1,0,0,1,0,1,0,1,1,0,0,1,1,1,1,1,1,NA,1,0
"22",1508,1,0,1,0,1,0,1,1,0,0,1,0,1,0,1,0,1,1,0,1,1,0,0,1,0
"23",227,0,1,0,1,0,1,0,0,1,0,0,1,1,0,1,1,0,1,0,0,0,1,1,1,1
"24",786,0,1,0,0,0,0,0,0,1,0,0,1,0,0,0,0,1,0,0,1,1,1,1,0,0
"25",1055,0,0,0,1,1,1,1,1,1,0,0,1,1,1,1,1,0,1,0,1,0,1,1,0,0
"26",132,1,1,0,1,1,0,1,0,0,0,0,0,0,0,1,1,0,1,1,1,0,1,0,0,1
"27",1038,1,1,0,1,1,0,1,0,0,1,1,0,0,1,1,1,0,0,1,1,0,0,0,0,0
"28",1461,1,0,0,1,0,1,1,0,0,0,0,1,0,1,1,1,0,1,0,1,0,0,0,0,1
"29",1490,1,0,0,0,1,1,0,1,1,0,0,0,1,0,1,1,0,1,0,0,1,0,1,1,NA
"30",150,0,1,0,1,0,1,0,0,1,0,1,1,0,1,1,1,1,0,1,1,0,0,0,0,1
"31",909,1,1,0,1,0,1,0,0,0,0,1,0,1,1,0,1,1,1,1,1,1,0,0,0,1
"32",1556,0,0,0,1,1,0,0,0,1,1,1,0,1,1,0,1,0,1,1,0,0,0,0,0,1
"33",1061,0,1,0,0,1,0,0,0,0,1,0,1,0,1,1,1,1,1,1,0,1,1,0,1,0
"34",1146,0,NA,1,0,0,0,0,0,0,1,0,0,1,1,1,1,1,1,0,1,0,0,0,1,0
"35",636,1,0,0,1,1,0,0,1,1,0,1,1,1,0,1,1,1,1,0,0,1,1,NA,0,0
"36",301,0,0,1,1,0,0,0,0,0,0,1,1,1,1,0,1,0,1,0,1,1,1,0,0,0
"37",516,0,1,0,1,1,0,1,1,0,1,0,1,1,1,1,0,0,1,0,0,1,1,0,1,0
"38",26,0,0,1,1,0,1,0,1,1,1,1,NA,0,0,1,1,0,1,1,0,1,1,1,1,1
"39",291,0,1,0,0,0,1,0,0,0,0,0,0,0,1,1,0,0,1,1,0,0,1,0,1,0
"40",180,1,0,0,0,0,1,1,1,1,1,1,1,0,1,0,1,0,0,1,1,1,0,1,1,0
"41",721,1,1,1,0,1,0,1,1,0,0,1,1,1,0,1,1,1,1,1,1,1,0,1,1,1
"42",1185,0,0,1,1,0,1,1,0,1,1,1,0,1,1,0,1,1,1,1,1,0,0,0,1,1
"43",1257,1,1,1,0,0,1,1,0,0,1,0,1,0,0,1,0,0,0,0,1,0,1,1,0,1
"44",658,NA,1,0,1,0,0,0,0,1,0,0,1,0,1,0,1,0,0,0,1,0,1,0,0,0
"45",480,0,0,1,1,0,1,1,0,1,1,0,0,0,1,0,0,1,1,1,1,0,0,0,1,0
"46",86,0,1,0,1,0,0,1,1,1,1,0,1,1,0,0,0,1,0,0,1,1,1,1,1,0
"47",724,1,0,0,1,0,0,1,0,1,0,0,0,0,0,0,1,0,0,0,1,1,1,1,0,0
"48",377,1,1,0,1,1,0,1,1,0,1,1,0,1,1,0,1,0,1,0,1,0,0,0,0,1
"49",1191,1,1,1,0,0,1,0,0,0,0,1,0,0,0,1,0,0,1,1,1,1,1,1,0,1
"50",314,0,1,1,1,0,1,1,0,1,1,0,1,1,1,0,1,0,1,0,1,0,1,1,0,1
"51",1156,0,1,1,1,1,1,0,1,1,1,1,0,0,1,0,0,1,1,0,0,0,1,0,0,1
"52",619,NA,0,1,1,0,1,0,0,1,0,0,1,0,0,1,1,1,0,0,0,NA,1,0,0,0
"53",300,1,0,1,0,0,0,1,1,1,1,0,1,0,0,0,0,1,1,0,0,0,0,1,0,0
"54",1204,0,1,1,1,0,1,1,1,0,0,0,0,0,1,1,0,1,0,0,1,NA,0,0,1,1
"55",1444,0,1,1,1,0,1,1,1,0,0,0,0,1,1,1,1,0,0,1,1,0,1,0,0,0
"56",1193,1,0,1,0,1,1,1,1,1,1,0,0,0,1,1,0,0,1,1,0,0,1,0,0,0
"57",1216,1,0,0,0,1,1,0,1,0,0,NA,1,0,0,0,0,0,0,1,0,0,1,0,0,1
"58",987,0,1,0,1,0,1,1,0,0,1,0,1,1,0,1,0,1,0,0,1,1,0,1,0,1
"59",1113,0,1,0,0,0,1,0,0,1,0,1,0,1,0,1,1,0,1,0,1,1,0,1,0,1
"60",1141,1,0,1,0,0,1,1,0,0,1,1,0,1,0,0,1,1,1,0,0,1,1,1,0,1
"61",645,1,1,1,1,1,1,0,1,0,0,0,1,1,1,0,1,1,0,0,0,1,0,1,1,0
"62",1122,0,0,1,1,0,0,0,0,0,1,1,0,0,0,1,1,1,0,0,1,1,1,1,1,0
"63",663,1,0,0,1,0,0,0,1,0,0,1,1,1,1,1,1,1,0,0,1,1,0,1,0,0
"64",333,0,0,0,0,1,1,1,0,1,0,1,1,1,1,1,1,1,1,0,1,1,0,1,0,1
"65",288,0,0,1,0,1,0,1,1,1,0,1,1,0,1,1,0,0,1,1,1,0,0,1,0,1
"66",566,0,0,0,1,0,1,0,0,0,1,1,0,0,0,1,0,NA,0,1,0,1,0,1,0,0
"67",214,1,0,1,0,1,1,0,1,1,0,0,0,0,1,1,1,1,1,1,1,1,0,1,1,0
"68",862,0,0,1,1,1,1,1,1,1,1,0,0,1,0,0,1,0,1,0,1,1,1,1,0,1
"69",558,1,1,0,0,0,0,0,0,1,0,0,0,0,1,1,0,NA,1,1,1,1,1,0,0,1
"70",474,1,0,0,0,0,1,0,0,0,1,1,0,0,1,1,0,1,1,0,1,1,0,0,0,1
"71",391,0,0,0,0,0,0,1,0,1,1,1,0,1,0,1,1,0,1,0,1,1,1,0,0,1
"72",1099,0,0,0,1,0,0,1,1,0,0,0,1,0,1,0,1,1,1,1,0,0,0,0,0,0
"73",1255,1,0,1,0,1,1,1,1,1,0,0,0,1,0,1,0,0,0,1,0,1,0,1,1,1
"74",692,0,1,1,1,0,1,0,0,0,1,0,1,1,1,0,0,1,0,0,1,0,0,1,0,1
"75",277,0,1,1,1,1,1,0,0,1,0,1,0,1,1,1,0,1,0,1,0,1,1,0,0,1
"76",1087,1,1,1,1,1,0,0,0,0,0,0,0,0,1,0,0,0,1,1,0,1,0,1,0,1
"77",783,1,1,0,0,0,1,1,1,1,0,1,0,0,1,0,0,0,0,0,1,0,0,0,0,1
"78",133,1,1,0,0,1,0,1,0,1,1,0,0,0,1,1,1,1,1,0,1,1,1,1,1,0
"79",1393,0,0,1,1,1,0,1,0,1,0,1,0,1,1,1,0,0,0,1,0,0,1,1,1,0
"80",124,1,0,0,1,1,1,1,1,0,0,0,0,1,1,1,0,1,0,0,1,0,1,NA,1,1
"81",1322,0,1,1,1,1,1,0,0,0,0,0,0,0,0,0,0,1,1,0,1,1,1,0,1,1
"82",1169,1,0,1,1,0,0,0,1,0,1,0,NA,1,1,0,0,0,0,1,1,0,1,0,0,0
"83",326,0,1,1,1,1,0,1,0,0,0,1,1,0,0,0,0,0,1,0,1,0,0,1,0,1
"84",1432,NA,1,1,1,0,1,1,0,1,0,0,0,0,1,1,0,1,1,0,0,0,0,0,0,1
"85",274,0,NA,0,0,0,0,0,0,0,0,1,1,1,1,1,1,1,1,0,1,0,1,1,0,0
"86",104,0,0,1,1,0,1,0,1,1,0,0,0,1,1,0,1,1,0,0,1,0,1,1,1,NA
"87",949,1,0,1,0,1,0,1,1,1,0,0,0,1,0,0,1,0,0,1,1,1,1,0,0,1
"88",1079,1,1,1,1,0,0,1,0,1,0,0,0,1,1,1,0,1,0,0,1,1,1,1,1,1
"89",1464,1,NA,0,1,0,1,1,0,1,1,1,0,0,0,0,0,0,1,0,1,0,1,0,1,1
"90",332,1,0,0,1,1,1,1,0,1,1,0,1,1,0,0,1,0,1,0,0,0,1,NA,0,0
"91",924,0,1,1,0,0,0,1,1,1,0,1,1,1,1,1,1,1,0,0,1,0,0,0,0,1
"92",1459,0,1,0,0,0,0,0,1,1,1,0,1,0,1,0,1,1,1,0,0,0,1,1,1,1
"93",1389,0,1,1,1,0,0,0,1,1,1,1,0,1,1,1,0,0,1,1,0,1,0,0,1,1
"94",1258,0,0,1,0,0,0,1,0,0,0,1,1,0,1,1,1,1,0,0,0,0,0,1,0,1
"95",894,0,1,1,1,0,1,1,1,1,1,1,1,1,1,0,0,1,1,1,0,1,1,0,0,NA
"96",1347,1,0,0,1,1,1,0,0,0,1,0,0,1,0,0,1,1,1,1,1,0,0,1,1,1
"97",673,0,0,1,0,0,0,1,0,0,0,1,0,0,0,1,1,0,1,1,1,0,0,0,1,1
"98",89,1,1,1,0,1,1,0,1,1,1,0,1,1,1,0,1,0,1,1,1,0,0,0,1,0
"99",1557,0,1,1,0,1,0,1,0,1,0,0,1,0,1,1,1,0,1,1,0,1,0,0,0,0
"100",1447,1,1,1,1,1,1,0,0,1,0,1,1,1,1,1,1,0,1,1,1,0,1,0,0,1
"101",1407,0,1,1,NA,1,1,1,1,0,1,0,1,0,0,1,1,1,1,1,1,1,0,1,0,1
"102",1382,0,1,1,1,1,1,1,1,1,0,1,0,1,1,0,1,NA,1,0,0,1,0,1,1,0
"103",114,0,0,1,1,1,1,0,0,1,0,0,0,1,0,1,1,1,1,0,0,1,0,0,1,0
"104",297,0,1,0,1,0,1,1,0,1,1,0,0,1,1,0,1,0,0,0,1,1,0,0,1,1
"105",551,0,1,0,NA,0,1,1,1,1,0,0,1,1,0,0,0,0,1,0,0,0,0,1,1,1
"106",1451,1,0,0,1,1,1,1,0,1,0,0,1,0,0,0,0,0,1,1,0,0,0,1,1,0
"107",1253,1,1,1,0,0,1,0,0,1,1,0,1,1,1,0,0,1,1,1,0,0,1,0,1,1
"108",1206,1,1,1,1,1,1,1,1,1,0,0,0,1,1,1,1,0,0,1,0,0,0,0,1,0
"109",160,0,0,1,1,0,0,0,0,1,1,1,0,0,1,1,0,1,1,1,0,0,1,0,0,1
"110",728,1,1,1,1,0,0,1,1,0,0,0,0,0,0,1,1,1,1,1,0,1,0,0,0,1
"111",167,1,0,1,NA,1,0,1,0,0,1,1,1,1,1,0,1,0,0,1,1,1,0,1,1,0
"112",736,0,1,1,1,0,1,0,1,0,1,1,0,1,0,1,1,1,1,0,0,1,1,0,0,0
"113",1456,0,0,1,1,0,0,1,0,0,1,0,1,0,1,1,1,1,1,0,0,0,0,1,1,1
"114",44,1,1,1,0,1,0,0,1,1,1,1,1,0,0,1,0,1,1,1,1,1,1,0,1,1
"115",1510,0,1,1,1,0,0,0,0,0,0,0,1,1,0,1,1,1,1,0,1,0,1,1,1,1
"116",129,1,1,0,1,1,1,0,1,1,0,1,1,0,1,1,1,1,0,1,1,1,0,0,1,0
"117",891,1,0,0,0,0,1,1,1,1,1,1,0,1,1,1,1,1,0,1,1,0,0,0,0,0
"118",1494,1,0,0,1,1,1,0,0,0,1,1,1,0,1,1,1,1,0,1,1,0,1,1,1,1
"119",1100,1,1,1,1,0,1,0,0,1,1,0,0,1,1,1,0,0,0,0,0,0,1,0,0,0
"120",1535,1,0,1,1,1,0,0,1,0,1,1,0,0,0,0,0,0,0,0,1,1,1,0,1,0
"121",1294,0,0,0,1,1,1,0,0,1,1,0,1,1,0,1,0,1,0,1,0,1,0,0,0,0
"122",1519,1,0,0,0,1,0,1,1,0,1,1,0,1,0,0,1,1,1,0,0,1,1,1,1,0
"123",1201,1,0,1,0,0,0,0,1,0,0,1,0,0,1,0,0,1,1,1,0,0,0,1,1,0
"124",742,0,0,1,0,1,1,1,1,1,0,1,1,1,1,0,0,1,0,0,0,1,1,1,1,1
"125",379,0,0,1,1,1,1,0,0,1,0,1,0,1,1,0,0,0,0,0,1,0,1,1,0,0
"126",752,0,0,0,1,0,0,1,1,1,1,1,0,0,1,0,0,0,0,0,1,0,1,1,0,1
"127",698,1,0,0,1,1,0,0,1,0,0,1,NA,0,0,1,0,0,0,0,1,1,1,1,0,1
"128",1471,0,1,0,1,1,0,1,0,0,1,0,1,1,1,0,1,0,1,0,1,1,1,1,1,1
"129",1028,1,1,0,0,1,1,1,0,0,0,0,1,1,1,1,0,0,0,0,1,0,0,0,1,0
"130",553,1,1,1,1,1,1,1,1,0,1,0,0,0,0,1,0,0,1,1,0,0,0,0,0,0
"131",655,1,1,1,1,0,0,1,0,1,1,0,0,0,0,1,1,1,0,1,1,0,0,NA,1,0
"132",1241,1,0,0,1,1,1,1,0,0,0,0,0,1,0,1,0,1,1,0,0,1,1,1,0,0
"133",599,0,0,1,0,0,1,1,1,0,0,0,1,0,0,0,1,0,0,0,0,0,0,0,1,1
"134",112,0,0,1,1,1,0,0,0,0,0,0,0,1,0,1,0,1,0,0,1,1,1,0,1,0
"135",1312,0,1,1,1,0,1,1,1,1,1,1,0,0,0,1,1,1,0,0,1,0,0,0,1,0
"136",344,1,0,1,0,0,1,0,0,1,1,0,0,0,0,0,1,1,0,0,1,1,0,1,0,0
"137",27,1,0,1,1,1,1,1,1,0,0,1,0,1,0,0,1,1,1,1,1,0,1,1,1,1
"138",1083,0,0,0,0,1,1,0,1,0,0,1,1,1,1,0,0,1,0,0,1,1,1,1,1,1
"139",1132,0,0,1,0,1,1,1,0,1,0,1,1,0,0,1,1,0,1,1,0,0,1,1,0,1
"140",697,1,1,0,1,1,1,1,1,1,1,0,0,1,1,0,1,0,1,1,0,0,1,0,1,1
"141",1342,1,0,1,1,0,0,1,1,0,1,1,1,0,1,0,0,0,1,0,0,0,0,0,0,1
"142",144,1,0,0,0,1,0,0,1,1,0,0,0,0,1,0,1,1,1,1,0,1,0,0,1,0
"143",486,1,0,1,1,1,1,1,0,1,1,0,1,0,1,1,0,0,0,0,1,1,1,1,0,0
"144",1505,0,0,0,NA,1,0,1,0,0,1,1,0,1,1,0,0,0,1,0,0,1,1,1,1,1
"145",1133,0,0,1,1,0,0,0,0,0,0,1,0,1,1,0,1,1,1,1,0,1,0,0,1,1
"146",1225,1,1,1,1,1,1,1,0,1,0,1,1,1,1,0,0,0,1,1,1,0,1,0,1,1
"147",571,1,0,NA,0,0,0,0,1,1,1,0,NA,0,0,1,0,1,0,0,0,0,1,0,0,0
"148",1004,1,1,0,1,1,0,1,0,1,0,1,1,0,1,1,0,0,1,1,0,1,0,1,1,0
"149",232,1,0,1,0,1,1,1,0,1,0,0,0,1,1,0,1,0,1,0,0,0,1,0,1,0
"150",1057,0,0,1,0,0,1,1,0,0,0,0,1,0,0,0,1,1,1,1,1,1,0,0,1,0
"151",575,NA,0,1,0,1,1,1,0,0,0,1,1,0,0,0,0,1,0,0,0,1,1,1,0,0
"152",1503,0,0,1,0,1,0,1,1,1,1,1,1,1,1,1,1,1,1,1,1,1,1,0,0,0
"153",310,1,0,1,1,0,1,0,1,1,1,1,0,1,1,1,0,1,0,1,0,1,0,0,0,1
"154",763,0,0,0,1,1,1,0,1,0,0,1,0,1,1,0,1,0,1,0,0,0,1,1,1,0
"155",299,1,0,1,1,1,0,0,1,0,1,0,1,0,0,1,0,0,1,1,1,1,1,1,1,1
"156",771,1,0,1,1,1,1,1,0,1,1,0,1,1,1,0,1,1,1,1,1,1,0,0,1,0
"157",985,1,1,0,1,0,0,1,1,0,1,1,0,0,0,0,1,1,1,0,0,0,1,1,1,1
"158",708,1,1,1,0,1,0,1,0,1,1,0,1,0,1,1,1,0,0,0,0,1,1,0,0,1
"159",911,1,1,0,1,0,0,0,0,0,1,1,1,1,0,0,0,0,0,0,1,1,0,1,0,0
"160",327,1,0,NA,1,0,1,1,0,0,1,0,0,1,0,1,0,1,0,0,1,1,1,1,0,1
"161",1161,0,1,1,0,1,1,1,0,1,0,1,1,0,1,0,0,1,0,0,1,0,0,1,1,0
"162",816,0,0,1,1,0,1,1,1,1,0,0,0,0,0,0,1,1,0,1,1,1,0,0,1,0
"163",61,0,0,1,1,1,1,0,1,0,0,0,0,0,1,0,1,1,0,1,0,0,1,0,1,1
"164",271,1,1,0,0,0,0,0,1,1,0,1,0,0,0,0,1,0,0,0,1,0,0,1,0,1
"165",1302,0,1,1,1,0,0,0,1,0,1,NA,0,1,0,1,1,1,0,1,1,1,1,0,1,1
"166",726,0,1,0,0,0,1,0,1,0,0,1,0,0,0,0,1,1,1,1,1,1,1,0,0,1
"167",412,0,0,1,0,1,1,0,1,0,0,0,1,1,1,1,1,0,1,1,1,0,1,0,1,0
"168",306,0,1,0,1,0,1,1,1,1,0,1,0,0,0,1,1,0,1,1,0,0,0,0,1,0
"169",868,1,0,0,1,1,1,1,1,1,1,0,0,1,0,1,0,0,0,0,0,1,1,1,1,1
"170",1123,1,0,0,0,0,0,0,1,1,0,1,0,0,1,1,1,1,1,0,0,1,1,1,1,1
"171",614,0,1,1,1,0,1,1,0,1,1,0,1,0,1,0,0,0,0,0,1,0,1,0,0,1
"172",628,0,0,0,0,1,0,0,0,1,0,1,1,0,0,0,0,1,1,0,0,1,1,0,0,1
"173",1121,0,1,0,0,1,1,1,1,1,0,0,0,0,0,1,0,1,1,1,1,NA,0,1,0,0
"174",1357,1,1,0,0,0,0,0,1,0,1,0,1,0,0,1,0,0,0,0,0,0,1,0,1,1
"175",722,1,1,0,1,0,1,0,0,1,1,0,0,0,0,1,0,0,1,0,0,1,1,1,1,1
"176",1160,NA,0,1,NA,1,0,1,0,1,1,1,1,0,1,1,1,0,1,0,1,0,0,1,1,1
"177",560,1,0,1,0,1,1,1,0,1,0,0,0,1,1,1,1,1,0,0,1,0,1,1,1,0
"178",1007,0,0,0,1,0,0,0,1,1,0,NA,0,1,0,0,1,1,1,0,1,0,0,1,0,1
"179",836,1,1,1,0,1,0,0,1,1,0,1,1,1,1,0,1,0,0,1,1,0,1,0,1,0
"180",1026,1,1,1,1,1,1,0,0,1,1,0,0,1,0,0,0,0,0,0,1,0,0,0,0,1
"181",477,0,0,1,1,0,1,0,0,1,1,0,1,0,1,0,1,1,1,0,1,1,0,0,0,NA
"182",954,1,1,0,1,0,1,0,1,1,0,1,1,1,1,0,0,0,0,1,1,1,1,0,1,0
"183",346,0,1,1,0,0,0,1,0,1,1,1,1,1,1,1,1,1,0,1,0,NA,0,1,0,0
"184",1031,0,1,0,0,0,1,0,1,1,1,0,0,0,0,0,0,0,0,1,0,1,0,1,1,0
"185",701,0,1,1,0,1,0,0,1,1,1,0,0,1,1,0,0,1,1,0,0,0,1,0,1,0
"186",1249,0,0,1,1,1,0,0,1,0,0,1,1,0,1,1,0,0,0,0,1,1,0,0,1,0
"187",825,0,0,1,0,1,1,0,0,1,0,0,0,1,0,0,1,0,0,1,0,0,0,0,0,NA
"188",817,1,0,0,1,0,0,1,1,1,0,0,1,1,1,1,1,0,1,1,1,1,0,1,0,1
"189",420,1,0,0,1,1,1,1,1,1,1,1,0,0,0,1,1,0,0,1,1,0,1,1,0,1
"190",348,0,1,0,1,0,0,0,0,0,1,1,1,1,0,0,1,1,0,1,0,0,1,1,0,1
"191",1544,1,0,1,1,1,0,0,0,1,1,0,0,0,0,0,0,1,0,1,0,0,0,NA,0,0
"192",303,1,1,0,1,1,0,1,0,0,1,0,1,1,0,1,1,1,1,1,1,1,0,1,1,0
"193",559,0,1,1,1,1,1,1,0,0,1,1,1,0,0,1,0,1,1,1,1,0,1,1,1,1
"194",215,1,1,1,1,1,0,0,0,1,0,0,1,1,0,1,1,0,0,1,1,1,0,0,1,0
"195",56,0,0,0,0,0,0,1,0,1,0,1,1,0,1,1,0,1,1,1,1,1,1,0,0,1
"196",1220,1,1,0,1,1,0,1,0,0,0,0,0,0,0,1,0,1,1,1,0,1,0,0,0,1
"197",432,0,1,1,1,0,0,0,0,0,0,0,1,1,0,0,0,1,1,1,0,0,1,0,0,0
"198",1482,0,0,1,1,0,0,0,0,0,1,1,1,0,1,0,0,0,0,1,1,0,1,0,0,1
"199",1555,1,1,1,0,1,0,0,1,0,1,1,0,0,0,0,1,0,1,0,0,0,0,1,0,0
"200",282,NA,1,0,1,0,1,0,1,1,1,1,0,1,0,1,0,0,1,0,1,1,1,1,1,1
"201",768,0,0,0,0,1,0,0,1,1,1,0,0,1,0,1,0,1,1,1,1,NA,0,1,1,0
"202",1493,0,1,0,1,1,1,0,1,0,0,0,0,1,0,0,1,1,0,0,1,1,1,1,1,1
"203",163,1,0,0,0,0,0,1,0,0,1,0,0,1,1,0,1,0,1,0,0,1,1,0,0,1
"204",509,0,0,1,0,1,0,0,1,1,1,1,1,1,1,1,0,1,1,0,1,0,1,0,0,0
"205",1542,0,0,1,1,1,1,1,0,1,1,1,1,1,0,0,0,0,1,0,1,1,0,0,0,1
"206",902,0,0,0,1,1,0,0,0,1,1,1,0,1,0,0,0,1,0,1,1,1,0,0,0,1
"207",1527,0,1,0,0,1,0,0,1,0,0,0,0,0,1,1,1,0,1,1,0,0,1,1,0,NA
"208",520,0,1,0,0,1,0,0,1,1,0,0,1,1,0,0,0,1,1,1,0,0,1,0,0,1
"209",969,0,0,1,0,1,0,1,0,0,0,0,1,0,0,1,1,1,0,0,1,1,0,1,0,1
"210",1405,1,1,0,1,0,1,1,1,0,0,1,0,1,1,1,1,1,1,0,1,0,0,0,1,1
"211",1159,NA,0,0,1,1,0,0,1,0,0,1,0,1,1,1,0,0,0,1,1,0,0,1,0,1
"212",1492,0,1,0,1,0,1,1,1,1,1,0,1,1,0,0,1,0,1,0,1,0,1,0,1,1
"213",678,0,1,0,1,1,0,0,1,1,1,1,1,0,0,0,0,1,1,0,0,NA,0,1,0,0
"214",659,0,1,1,1,0,0,1,0,0,1,0,1,1,0,1,1,0,1,0,1,0,1,1,0,1
"215",983,0,1,0,1,1,1,1,0,0,1,0,1,0,1,1,0,1,1,1,0,1,0,1,0,0
"216",410,1,1,0,0,1,1,1,0,1,0,1,0,0,0,1,0,0,0,1,1,0,0,1,0,1
"217",1147,1,0,1,1,0,0,0,0,1,1,1,0,1,1,0,1,0,0,0,1,1,1,0,1,0
"218",971,1,1,0,0,0,1,1,1,0,1,0,1,0,1,1,0,1,0,1,1,1,0,1,1,1
"219",200,0,0,1,1,1,0,0,1,1,1,0,1,1,0,0,0,1,1,0,0,1,0,1,1,0
"220",1042,0,0,1,0,0,0,0,1,1,1,1,1,1,1,1,0,1,0,0,0,0,0,0,1,0
"221",118,1,NA,1,0,0,0,0,0,1,0,1,1,1,1,1,0,1,1,1,0,1,0,1,1,1
"222",521,0,0,1,1,1,1,1,0,0,1,0,1,1,1,1,1,0,1,0,0,1,0,1,0,1
"223",1320,1,0,0,0,0,0,1,1,1,1,1,1,1,1,1,0,0,0,0,1,1,1,0,0,0
"224",1403,0,0,0,0,0,1,0,1,1,0,1,0,1,1,0,0,0,1,1,1,0,0,1,1,0
"225",1128,1,0,NA,1,1,0,0,0,1,1,1,1,1,0,1,0,0,1,0,0,NA,1,0,1,1
"226",374,1,0,1,1,0,0,0,0,0,0,0,1,1,0,1,0,0,0,0,1,1,1,0,0,0
"227",801,0,1,1,1,0,1,0,0,1,0,NA,0,0,1,1,1,1,1,0,1,1,0,0,1,0
"228",842,1,1,1,0,0,0,0,1,0,1,0,1,1,0,1,1,1,0,1,0,1,0,0,0,0
"229",1046,0,1,1,0,1,1,0,0,1,1,0,1,0,1,1,0,0,0,0,0,0,1,1,1,0
"230",739,0,0,0,0,0,0,1,1,0,0,0,0,0,1,1,0,1,1,0,0,1,1,1,0,1
"231",1144,1,0,0,1,1,0,0,1,1,1,1,1,1,0,0,0,0,0,1,0,0,0,0,1,1
"232",918,1,1,0,1,0,1,1,1,1,0,1,NA,1,0,0,0,0,0,1,0,1,0,0,1,1
"233",325,0,1,0,1,0,1,1,0,1,1,1,0,0,1,0,1,0,1,0,0,0,1,1,1,1
"234",959,0,0,0,1,0,0,1,1,0,1,1,0,0,1,0,1,0,0,1,1,0,0,0,0,0
"235",1559,1,0,0,0,0,1,1,1,1,1,0,1,0,0,0,0,0,0,0,1,1,1,1,0,1
"236",335,1,1,1,1,0,0,0,1,0,0,1,1,0,0,0,1,1,1,0,0,NA,0,0,0,0
"237",767,0,1,0,1,0,1,1,1,1,1,0,0,1,1,0,0,0,0,1,1,0,1,1,1,1
"238",1334,0,0,0,0,1,1,0,1,1,0,0,NA,1,0,0,0,1,1,1,1,1,0,0,0,1
"239",1240,0,0,1,0,0,1,1,1,0,1,0,1,0,1,1,1,0,0,0,0,0,0,1,1,1
"240",815,0,0,1,0,1,0,1,1,0,0,1,0,1,1,0,0,0,1,0,0,0,1,1,0,0
"241",977,0,1,1,1,1,1,1,1,0,1,1,0,1,1,1,1,1,1,1,0,0,0,0,1,1
"242",651,1,1,0,0,0,1,1,0,0,0,1,0,0,1,1,1,1,0,0,0,1,0,0,1,0
"243",1307,0,0,0,NA,1,1,0,1,0,1,0,0,0,1,0,1,0,1,1,1,1,0,1,1,0
"244",1168,0,1,0,0,1,0,0,0,1,0,1,NA,1,0,0,1,0,0,1,1,0,0,0,1,1
"245",743,1,1,0,1,0,0,0,0,0,0,1,1,0,1,1,0,0,0,0,0,0,1,0,1,1
"246",744,0,1,1,0,0,0,1,0,0,1,1,0,1,0,1,1,1,0,1,0,1,1,1,1,1
"247",1242,0,1,1,1,1,1,0,1,0,1,0,1,1,0,1,1,0,1,0,1,0,1,1,1,0
"248",1468,1,0,0,0,0,0,1,1,0,1,1,1,1,1,1,0,0,1,1,1,0,1,0,1,0
"249",887,0,0,1,1,1,1,0,0,0,1,0,1,1,1,1,1,1,1,1,1,0,1,0,1,1
"250",1138,0,0,0,1,1,0,0,1,0,1,1,0,1,0,1,1,1,0,1,1,0,1,1,1,1
"251",495,1,1,0,0,1,1,0,1,1,0,NA,0,0,1,1,0,1,1,1,1,0,0,1,1,1
"252",1486,0,1,1,1,1,1,1,0,0,1,1,0,0,1,1,1,1,1,1,0,0,1,0,1,0
"253",284,0,1,NA,1,0,0,1,1,0,0,1,0,0,0,1,1,0,0,1,1,0,1,0,0,0
"254",1006,1,0,1,1,0,1,0,1,1,0,1,1,1,0,0,1,1,0,1,1,0,1,0,1,0
"255",343,0,1,1,1,1,0,0,1,1,1,0,1,1,0,1,1,1,0,1,1,1,1,1,1,1
"256",457,1,1,0,1,0,1,1,0,0,1,0,0,1,1,1,0,1,0,0,0,1,0,1,1,1
"257",471,1,0,0,1,0,0,0,0,0,1,1,0,1,0,0,1,0,1,1,0,0,1,0,1,1
"258",1263,0,1,1,0,0,0,0,1,0,1,0,0,1,0,1,0,1,1,1,1,0,0,0,1,1
"259",967,1,0,1,1,0,0,0,0,1,0,1,0,0,0,0,1,1,0,0,1,1,1,0,0,1
"260",1499,0,1,0,1,1,0,1,1,0,1,0,1,0,0,0,0,1,1,1,0,0,0,0,0,0
"261",1292,1,1,0,0,0,0,1,0,1,1,0,0,1,1,0,0,1,0,0,1,0,1,0,0,0
"262",958,0,0,0,1,0,0,1,1,1,1,1,1,0,0,1,1,0,0,1,0,0,1,1,1,0
"263",22,1,0,NA,1,0,0,0,1,0,1,1,1,1,1,0,0,1,0,0,1,1,0,1,0,0
"264",220,0,0,1,0,1,0,0,1,0,0,1,0,0,0,1,1,1,1,1,1,1,1,0,0,1
"265",398,1,0,1,0,0,0,1,1,0,1,1,1,1,0,1,0,1,1,1,0,1,0,0,0,0
"266",1231,1,0,0,1,0,1,1,1,0,0,0,1,0,0,1,1,0,0,1,1,0,1,1,0,0
"267",1101,0,1,1,0,0,1,1,0,0,0,1,0,1,0,0,0,0,1,0,1,0,0,1,0,1
"268",1513,NA,1,0,0,1,0,0,0,0,0,1,0,1,1,0,1,1,0,1,1,1,0,0,1,0
"269",14,1,0,0,0,1,1,1,0,0,1,1,1,1,0,1,1,1,1,1,0,0,0,1,1,1
"270",1077,1,0,1,0,0,0,0,0,1,1,0,1,1,1,0,1,1,1,1,1,0,1,1,0,1
"271",1163,1,1,1,1,0,1,1,0,1,0,1,0,1,0,0,0,0,1,1,0,1,1,0,0,0
"272",470,0,0,0,0,0,0,1,1,1,0,1,0,0,1,1,0,1,1,1,1,1,0,0,0,0
"273",932,0,1,0,1,1,0,1,1,1,0,1,1,0,1,1,0,0,0,1,0,NA,0,0,1,1
"274",718,1,0,1,1,0,0,0,0,0,0,0,0,0,1,1,0,1,0,0,0,0,0,0,0,1
"275",1012,1,0,1,1,1,1,0,0,0,0,0,0,0,1,1,1,1,1,1,1,0,1,0,0,1
"276",387,0,1,0,1,1,0,0,0,0,0,0,1,0,1,1,0,1,0,0,0,0,1,0,0,0
"277",789,0,1,1,1,1,0,0,0,0,0,0,1,1,1,1,0,0,1,1,0,NA,1,0,0,1
"278",1044,0,0,0,1,0,1,0,1,0,0,0,0,1,1,1,1,1,0,0,0,1,0,0,0,1
"279",428,0,1,1,1,0,1,1,1,0,0,0,1,1,0,0,0,1,1,0,0,1,1,1,1,0
"280",413,0,1,0,0,0,0,0,1,1,0,1,0,0,1,0,1,0,1,0,0,0,0,1,1,0
"281",703,0,0,1,0,0,0,0,0,1,1,1,1,1,0,0,0,0,0,0,1,1,0,1,1,1
"282",1108,0,1,0,0,1,1,0,1,0,1,1,0,1,0,1,0,1,0,1,0,0,1,0,0,0
"283",406,0,1,0,1,1,1,0,0,0,1,1,0,0,0,0,1,1,1,0,0,1,0,1,0,1
"284",856,0,1,1,1,1,1,1,1,0,1,1,1,1,1,1,1,1,0,0,1,0,0,0,1,1
"285",1319,1,0,0,0,0,1,1,1,1,0,1,0,1,0,0,0,0,0,1,1,1,1,0,1,1
"286",336,0,0,0,1,1,0,1,0,0,1,0,1,1,0,1,1,1,0,0,0,1,1,1,0,0
"287",401,0,0,1,1,0,0,1,0,0,0,0,1,0,1,0,1,1,1,0,0,0,1,1,1,0
"288",212,1,1,0,1,1,0,1,1,0,1,0,1,0,1,0,0,0,0,0,1,1,0,NA,1,0
"289",1221,1,1,0,0,0,0,1,1,0,0,1,0,1,0,0,0,1,0,1,1,1,0,1,1,0
"290",1226,1,1,1,0,0,0,0,1,1,1,0,1,0,0,1,0,0,0,0,1,0,1,1,1,NA
"291",1366,0,1,0,0,0,0,0,0,1,1,1,1,0,1,0,1,0,0,0,0,1,1,0,1,1
"292",857,1,1,0,1,0,0,0,1,1,0,1,0,1,0,0,0,0,1,0,1,1,1,1,1,0
"293",737,1,1,0,0,1,0,1,1,1,0,0,1,0,1,0,0,0,1,1,0,1,0,0,1,1
"294",230,1,0,1,1,1,1,1,0,0,1,1,0,1,0,0,1,0,0,1,0,0,1,0,1,1
"295",191,1,0,1,1,1,1,1,0,1,1,0,0,0,0,0,0,1,0,0,0,0,0,1,0,1
"296",1413,1,1,0,0,1,1,1,0,1,0,0,0,0,1,1,1,1,1,0,1,1,0,0,1,1
"297",321,1,0,0,1,1,0,1,0,1,1,1,1,1,0,0,0,1,1,0,0,1,0,1,0,1
"298",1467,1,1,1,1,1,0,1,0,0,0,1,0,0,0,1,1,1,1,0,0,0,1,0,1,0
"299",482,0,0,0,0,1,1,0,1,0,1,1,1,0,0,0,1,0,1,1,0,1,1,1,1,1
"300",1285,0,1,1,1,0,0,1,0,0,1,1,1,0,0,1,0,1,1,0,0,1,1,1,0,0
"301",796,1,1,1,1,1,1,1,0,1,1,1,1,0,1,1,1,0,0,0,0,1,1,0,0,1
"302",1351,1,0,1,0,0,0,0,1,0,1,0,0,0,1,1,1,0,1,0,0,1,1,1,1,1
"303",465,0,0,0,0,1,1,0,0,1,1,1,0,1,0,0,0,NA,1,0,0,0,0,1,1,1
"304",515,1,1,1,1,1,1,0,0,1,0,0,0,0,1,1,1,0,0,0,1,NA,0,1,1,0
"305",913,0,0,1,0,1,1,0,0,0,1,1,0,1,1,0,1,0,0,0,1,0,0,0,0,0
"306",1341,1,0,0,0,0,1,1,0,0,0,1,0,1,0,1,0,0,0,0,0,1,0,1,0,1
"307",32,0,1,1,1,1,0,1,0,1,1,0,0,1,0,0,1,1,0,1,1,1,1,0,1,0
"308",1281,1,1,0,1,1,0,0,1,1,0,0,NA,1,1,1,0,1,0,1,0,1,0,1,0,1
"309",469,1,0,1,1,1,1,0,1,1,0,0,1,0,1,0,0,1,1,1,0,1,1,1,0,1
"310",630,1,0,0,1,1,0,1,1,0,0,0,0,1,1,1,1,0,1,1,0,1,1,0,1,0
"311",683,0,0,1,1,1,0,1,0,0,1,1,1,0,1,0,1,0,0,1,1,1,1,1,0,0
"312",328,1,1,0,1,0,1,0,0,0,1,1,1,1,0,1,0,1,1,1,1,1,1,1,0,0
"313",119,1,1,0,0,1,1,0,0,0,0,0,NA,0,0,1,1,0,1,1,0,1,0,0,0,1
"314",1506,0,1,0,1,1,1,0,0,0,0,0,1,1,0,1,0,1,0,0,1,1,1,1,1,0
"315",1327,1,0,1,1,1,1,0,0,1,0,0,1,0,0,0,1,0,0,0,0,0,1,1,1,0
"316",71,1,1,1,0,0,0,1,0,1,0,0,0,0,1,0,1,0,1,1,1,1,0,1,1,1
"317",672,1,0,0,0,1,0,0,1,0,1,0,1,1,0,1,0,1,1,1,0,0,1,1,0,0
"318",594,0,0,0,1,0,0,0,1,0,1,1,1,1,0,0,0,1,0,0,1,0,1,1,1,0
"319",1120,0,NA,0,1,0,1,0,0,0,1,1,1,0,0,1,0,0,1,0,0,1,1,1,1,1
"320",39,1,1,1,0,0,0,0,1,0,1,1,0,0,0,1,1,1,0,1,0,1,0,0,1,0
"321",997,1,1,1,0,0,0,1,0,1,1,1,1,0,0,0,0,0,1,1,0,0,1,1,1,0
"322",94,1,1,0,1,1,0,1,0,0,1,1,1,1,0,0,1,1,1,1,1,1,0,1,0,0
"323",581,1,0,1,0,1,0,1,1,0,1,0,0,0,0,0,0,1,0,1,0,1,1,0,1,0
"324",1060,1,1,0,1,1,1,0,1,1,0,1,1,0,1,1,0,0,0,1,1,1,0,1,0,0
"325",545,0,0,1,1,0,0,0,0,0,1,0,1,1,1,0,0,1,0,1,1,0,0,1,0,0
"326",1311,0,0,1,0,0,1,1,0,0,0,1,1,1,1,1,1,1,0,1,1,1,0,1,0,1
"327",384,1,1,1,1,0,0,1,0,1,1,0,0,1,1,0,0,0,0,0,1,1,0,0,0,1
"328",629,0,0,0,1,0,1,1,1,0,1,0,0,0,1,1,1,1,1,0,1,1,0,1,0,1
"329",169,1,0,0,0,0,1,0,0,0,1,1,1,1,1,1,0,1,0,0,1,1,0,1,1,1
"330",715,1,1,1,0,1,1,0,1,0,1,1,1,1,1,0,1,1,0,0,1,0,0,1,1,0
"331",313,0,NA,0,0,1,1,1,1,0,0,0,0,0,0,0,0,0,0,0,1,0,1,0,0,1
"332",1399,0,1,1,1,1,1,1,1,1,0,0,1,0,1,1,1,1,1,1,0,1,1,0,0,0
"333",1286,1,1,0,1,1,1,1,0,1,0,0,1,0,0,1,1,1,1,0,1,0,1,1,1,1
"334",845,1,1,0,0,1,0,1,1,1,1,0,0,0,0,0,1,0,0,0,0,1,1,0,0,1
"335",1543,1,1,1,1,0,1,1,1,0,0,1,1,0,1,1,0,0,1,0,0,0,1,1,1,0
"336",919,0,0,0,0,0,0,0,0,0,1,0,1,0,1,1,1,1,1,0,1,0,1,0,1,0
"337",798,1,0,1,0,0,1,0,0,0,1,0,1,0,0,0,1,1,1,1,0,1,0,0,1,1
"338",1172,0,1,1,0,1,1,0,1,1,0,1,1,0,0,1,0,1,0,1,1,1,0,1,1,1
"339",386,0,0,1,1,1,0,0,1,0,0,1,1,0,0,1,1,1,1,0,0,0,1,0,1,1
"340",774,1,1,1,1,0,1,0,1,0,0,1,1,1,0,0,1,0,0,0,1,0,0,1,1,1
"341",1116,0,1,0,0,0,1,0,0,1,0,0,1,0,1,0,0,1,0,1,0,1,0,1,0,1
"342",1553,0,1,1,0,1,0,1,1,0,0,0,1,0,1,1,0,0,0,1,0,1,1,0,0,1
"343",260,0,1,0,NA,1,0,0,1,1,0,1,0,1,0,0,1,1,0,0,0,0,1,1,1,1
"344",1008,1,0,1,1,0,0,0,1,1,0,0,0,1,0,1,1,0,1,0,1,1,1,0,1,1
"345",754,0,0,0,0,1,0,1,1,1,0,0,1,0,0,1,0,0,1,0,0,1,0,1,0,1
"346",450,1,0,1,0,1,1,1,0,1,1,1,0,0,0,0,0,1,1,0,0,1,0,0,1,0
"347",1350,1,1,1,1,0,1,1,1,1,0,1,0,0,0,0,1,1,0,1,1,0,1,0,0,0
"348",472,1,1,0,1,0,0,1,0,0,0,0,1,0,1,0,1,1,0,0,1,0,1,0,0,0
"349",452,0,0,0,1,0,0,1,0,1,0,1,1,1,0,1,0,1,0,0,0,1,0,0,0,0
"350",652,0,1,1,0,1,0,1,1,0,1,0,0,0,0,0,1,1,1,0,1,1,1,1,1,1
"351",595,1,0,0,0,1,1,1,0,1,1,1,0,1,1,0,0,1,1,0,1,0,0,0,1,1
"352",451,1,0,0,1,0,0,1,1,0,0,0,0,0,0,0,0,1,1,0,0,1,0,0,0,1
"353",1109,1,0,0,0,0,1,0,1,1,1,0,0,1,1,0,1,0,0,1,0,1,0,0,1,0
"354",1290,1,0,0,0,1,0,1,1,1,1,0,1,0,0,0,1,1,1,1,1,0,0,1,1,1
"355",835,1,1,1,0,1,1,0,1,1,0,1,1,1,1,0,0,0,1,1,1,0,1,0,1,0
"356",1284,1,0,1,1,1,1,1,1,1,0,1,0,1,0,0,0,0,0,0,1,0,0,0,0,1
"357",189,1,1,0,0,0,0,0,0,0,1,1,1,1,1,0,0,1,1,1,0,1,1,0,1,0
"358",1406,1,1,1,0,0,0,0,1,0,1,0,0,1,0,1,0,0,1,0,0,1,0,0,0,0
"359",7,1,1,1,1,1,1,1,0,1,0,1,1,1,1,0,0,1,1,0,1,0,1,1,1,0
"360",841,0,1,0,0,1,0,0,0,0,0,0,0,0,0,1,0,0,1,1,0,0,0,0,1,0
"361",1295,1,1,0,0,1,0,0,1,1,0,1,1,0,0,0,0,0,1,1,1,1,1,0,0,1
"362",475,0,0,0,1,1,0,1,1,1,0,0,1,0,1,0,0,0,1,1,0,0,0,0,1,1
"363",951,0,0,0,0,0,0,0,0,1,0,1,1,1,1,1,1,1,0,0,1,0,0,0,1,0
"364",691,1,0,0,1,0,0,1,0,0,1,0,0,0,0,1,1,0,0,1,0,0,1,0,1,1
"365",712,0,1,0,0,0,1,0,0,1,0,0,1,1,0,1,0,1,1,0,1,0,1,0,1,0
"366",174,1,0,0,0,0,1,1,0,0,1,1,0,0,1,1,0,0,0,1,1,1,0,0,1,1
"367",136,1,1,0,0,1,0,1,1,1,1,0,0,0,1,1,1,1,0,1,0,0,0,1,1,1
"368",900,1,1,1,0,0,0,0,0,0,1,1,1,0,0,1,0,1,0,0,0,1,1,1,0,0
"369",1360,1,0,1,1,1,1,0,1,1,1,0,1,0,0,0,1,NA,0,1,0,0,0,0,0,0
"370",1511,0,1,1,1,1,0,0,0,1,1,1,0,0,0,0,1,0,1,1,1,0,0,1,1,1
"371",1200,1,0,1,1,1,0,1,1,0,0,0,1,0,1,0,1,1,0,0,1,1,1,1,0,0
"372",1184,1,0,0,0,0,0,1,0,0,1,1,0,1,1,0,0,0,1,0,1,1,1,0,0,0
"373",1023,1,0,1,0,1,0,1,0,0,0,0,1,1,1,0,1,1,0,1,0,1,1,1,1,1
"374",1485,0,1,1,1,1,1,0,1,1,0,0,1,1,1,1,0,1,1,0,1,0,0,1,0,1
"375",1106,1,1,1,0,1,1,1,0,0,0,0,1,1,1,1,1,0,0,1,1,1,1,0,0,1
"376",1452,1,0,1,1,1,0,1,0,1,1,1,1,0,0,0,0,1,1,0,1,0,1,0,0,0
"377",535,1,0,1,0,1,1,1,1,0,0,0,0,0,0,1,0,0,0,1,0,1,0,0,0,0
"378",262,0,1,1,0,0,0,1,1,0,1,1,0,1,1,1,0,0,1,0,0,0,1,1,0,1
"379",216,0,1,1,1,1,0,1,0,0,1,0,0,1,1,0,0,0,0,1,0,0,1,1,1,0
"380",1500,0,0,0,1,0,0,0,0,1,1,0,1,1,1,1,1,0,0,1,0,0,0,1,0,1
"381",941,0,1,1,0,1,1,1,1,0,1,0,NA,0,0,0,0,0,0,1,0,0,0,0,1,0
"382",390,0,1,0,0,0,0,0,0,0,0,0,0,1,1,1,1,0,0,1,1,1,0,0,0,0
"383",234,0,1,0,0,0,1,1,1,0,1,1,1,1,1,1,0,1,1,1,0,1,1,0,1,1
"384",944,1,1,0,1,0,1,0,0,1,0,0,0,0,0,0,0,1,0,0,0,1,1,0,1,1
"385",433,0,1,1,1,1,1,1,1,1,1,1,1,1,1,0,1,1,1,0,1,1,0,1,0,1
"386",1202,1,0,1,0,0,0,0,0,0,0,1,1,1,1,1,0,0,0,0,0,1,0,0,0,1
"387",126,0,1,1,1,1,1,0,1,1,1,1,1,0,1,0,1,0,1,0,1,0,0,0,1,1
"388",1273,1,0,1,1,0,0,0,1,1,0,0,0,0,1,1,0,0,1,1,1,0,0,1,0,0
"389",185,0,1,1,1,0,0,0,1,0,1,0,0,1,0,1,0,0,1,1,1,0,0,NA,0,0
"390",1554,1,0,0,0,0,1,1,0,1,1,0,1,1,1,1,1,1,1,1,1,0,0,1,1,0
"391",117,NA,0,0,1,1,1,0,1,1,0,1,1,1,0,1,1,0,1,0,1,0,1,1,1,1
"392",986,0,0,0,0,0,1,0,0,0,0,1,1,0,1,0,0,1,0,1,1,0,0,1,0,0
"393",1373,1,0,NA,1,1,1,0,0,0,0,0,1,0,0,0,1,1,1,0,0,0,0,1,1,0
"394",787,0,1,0,0,1,1,1,0,1,1,0,0,0,0,0,0,0,1,1,1,1,0,1,1,0
"395",397,1,0,1,1,0,0,0,1,0,0,0,0,0,1,0,1,0,0,0,0,1,1,0,1,1
"396",219,1,1,1,0,1,0,1,1,1,0,1,0,0,0,0,1,0,1,1,0,1,1,1,0,1
"397",1254,0,0,0,0,0,1,0,1,1,0,1,0,1,0,0,0,0,1,1,1,1,1,0,1,0
"398",312,1,1,0,1,0,1,1,0,0,1,1,0,1,1,1,1,1,1,0,0,0,1,0,1,0
"399",512,1,1,0,0,1,0,1,0,1,1,0,1,1,0,1,0,0,1,0,1,1,1,1,1,0
"400",1039,1,0,0,1,0,0,1,1,0,0,1,1,1,0,1,0,1,0,1,0,0,1,1,1,0
"401",819,1,0,0,1,1,0,0,1,0,1,0,0,1,0,1,1,0,1,1,0,1,0,1,1,0
"402",198,1,0,0,1,1,0,1,1,0,0,1,1,0,1,0,1,1,1,0,1,1,0,0,0,0
"403",1324,NA,0,0,1,0,1,1,1,1,0,0,1,0,1,1,0,NA,0,1,1,0,0,0,1,0
"404",35,0,0,1,0,1,0,0,1,0,0,0,0,0,0,0,0,0,1,1,0,1,0,0,0,0
"405",802,0,0,1,0,1,0,0,0,0,0,1,1,1,0,1,0,1,0,1,0,0,1,1,1,1
"406",1071,1,0,1,0,1,1,0,1,0,1,0,0,1,1,1,0,0,0,1,1,0,0,1,1,0
"407",1235,0,0,0,0,0,0,1,1,0,0,0,0,0,1,0,1,0,0,0,1,1,0,1,0,1
"408",1111,0,0,0,1,0,1,0,1,1,1,0,1,1,0,1,0,0,1,1,0,1,1,1,1,1
"409",252,1,0,0,1,0,1,1,0,1,0,1,0,0,0,1,0,0,0,0,1,0,1,1,1,1
"410",1472,1,0,1,1,1,1,0,0,0,0,0,0,0,1,1,1,1,1,1,0,1,1,1,0,0
"411",1524,1,0,1,0,0,0,1,0,1,1,1,0,0,1,0,1,1,1,1,0,0,0,1,1,NA
"412",583,1,1,1,0,0,1,0,0,1,0,0,0,1,0,0,1,NA,1,0,1,1,0,0,1,0
"413",584,1,0,1,0,1,0,0,1,1,1,0,1,0,1,0,1,0,1,0,0,0,0,1,1,0
"414",1082,1,0,0,0,1,1,0,0,0,0,0,1,1,0,0,0,0,1,0,0,0,0,1,0,0
"415",1340,0,0,1,0,0,0,1,1,1,1,1,0,1,0,0,1,1,1,0,0,1,1,0,1,1
"416",926,0,1,1,1,0,1,0,1,0,1,0,0,0,0,0,0,1,0,0,0,NA,0,0,1,1
"417",120,0,0,1,0,0,0,1,1,0,1,1,1,0,0,1,0,0,0,0,0,1,1,1,1,0
"418",1034,1,1,0,0,0,1,1,1,1,0,0,1,0,1,1,1,1,1,0,1,1,0,1,0,1
"419",760,0,0,1,0,1,0,1,1,0,0,1,1,0,1,1,0,0,1,0,1,0,1,0,0,0
"420",1533,0,1,0,1,0,1,0,1,0,0,0,0,1,0,0,0,0,0,0,0,0,0,0,1,1
"421",982,0,0,0,1,0,1,1,1,1,0,1,0,1,0,0,0,1,1,0,0,1,0,1,0,1
"422",1189,0,1,1,0,0,1,1,1,0,0,0,1,0,1,0,1,1,0,1,0,1,1,0,0,1
"423",830,0,0,0,1,1,0,0,1,1,0,1,0,1,1,0,1,0,0,0,1,1,1,0,0,0
"424",77,1,NA,1,0,1,1,1,0,0,0,0,1,0,1,0,1,0,1,0,1,1,1,0,0,1
"425",677,0,1,1,0,1,0,1,0,0,1,1,1,0,0,1,1,0,1,0,1,1,1,0,0,0
"426",393,1,1,0,0,1,0,1,0,0,1,1,1,0,1,0,1,1,1,1,0,0,1,0,0,1
"427",686,0,1,0,1,1,1,1,0,1,1,1,0,0,0,1,1,0,0,0,0,1,1,1,1,1
"428",1036,0,0,0,1,0,1,0,0,0,0,0,1,1,0,0,0,1,1,0,1,1,0,0,0,1
"429",547,1,1,1,0,0,1,1,0,1,1,1,1,1,0,1,0,0,0,0,0,1,1,1,1,1
"430",247,0,1,1,1,0,0,1,0,1,0,1,1,1,0,1,1,0,0,0,0,1,1,1,0,0
"431",847,1,1,0,0,1,0,0,1,0,1,1,1,0,0,1,0,1,0,1,1,1,1,0,1,0
"432",684,1,1,1,1,0,1,1,1,1,0,0,0,0,0,1,0,0,0,1,0,0,0,1,1,0
"433",473,0,1,0,0,1,0,0,1,1,0,1,1,0,0,1,0,1,0,0,1,0,1,0,1,0
"434",222,1,1,0,0,0,1,0,1,1,0,0,1,1,0,1,0,0,0,1,0,0,0,0,0,0
"435",155,0,0,0,0,0,0,1,0,0,0,1,0,0,0,1,0,1,0,0,1,1,0,1,0,0
"436",88,1,1,1,0,1,0,1,0,1,0,0,1,1,1,0,1,0,1,0,1,0,1,1,0,0
"437",1442,1,0,0,0,0,0,1,0,0,0,0,0,0,1,0,1,0,1,0,0,0,0,0,0,0
"438",435,1,0,1,0,1,0,1,0,0,1,1,1,1,1,1,1,1,0,0,1,1,1,0,1,1
"439",125,1,0,1,1,1,0,0,0,1,1,1,1,1,0,1,0,1,1,0,1,0,1,1,1,1
"440",1250,0,1,1,0,0,1,0,1,0,0,1,1,0,0,1,0,0,0,0,0,1,1,1,1,1
"441",447,1,0,1,0,1,0,0,0,1,0,1,1,1,0,0,1,1,0,1,1,1,0,1,0,0
"442",1297,0,1,0,0,0,0,0,1,0,1,1,1,1,0,0,1,0,0,0,1,1,1,1,0,0
"443",164,1,0,0,0,1,0,1,0,0,0,1,1,1,0,1,0,0,0,1,1,1,1,1,1,0
"444",236,1,0,0,1,0,0,1,0,1,1,1,0,0,0,1,1,0,1,0,0,0,1,1,0,1
"445",102,1,0,1,1,0,0,1,0,0,0,0,0,0,0,0,1,NA,1,0,0,NA,1,0,1,1
"446",732,1,0,1,1,0,0,0,1,1,1,1,0,0,1,1,0,0,1,0,1,0,1,0,1,1
"447",245,1,0,0,1,1,0,1,1,0,1,1,0,0,1,1,0,0,0,0,1,0,1,0,0,1
"448",702,0,0,1,1,1,1,0,1,0,0,0,0,0,1,1,1,0,0,1,1,0,0,0,0,1
"449",478,1,1,0,1,0,0,0,1,0,1,1,0,0,0,1,0,0,0,0,0,0,1,0,1,0
"450",1167,1,0,0,1,0,1,0,1,1,1,0,1,1,0,0,1,0,0,1,0,0,1,1,0,1
"451",885,0,0,1,1,0,1,1,1,1,1,0,0,1,1,0,1,0,1,1,1,0,0,0,1,1
"452",402,0,0,0,1,0,0,0,1,0,0,1,1,1,0,1,0,0,0,1,0,0,0,1,0,0
"453",1449,1,0,1,1,1,1,0,1,0,0,1,0,0,1,1,1,1,0,1,1,0,1,0,1,0
"454",966,0,1,0,0,0,0,0,0,0,1,1,1,0,0,0,0,0,1,0,1,1,1,1,1,1
"455",1436,1,NA,1,0,0,1,0,1,1,0,0,0,0,0,1,0,0,1,0,0,1,0,1,1,1
"456",367,0,1,NA,0,1,1,0,0,1,1,0,1,0,1,1,1,0,0,0,1,0,0,1,1,1
"457",60,1,1,1,1,0,1,1,0,0,0,1,0,0,1,1,1,0,1,1,1,0,0,0,1,1
"458",378,0,1,1,1,0,0,0,0,0,1,1,0,0,0,1,1,1,1,0,1,1,1,1,0,1
"459",707,1,1,0,1,0,1,0,0,1,1,0,0,1,0,1,0,0,1,0,1,1,0,0,0,0
"460",9,0,0,0,1,1,0,1,0,1,0,1,0,0,0,0,0,0,0,0,1,1,1,1,0,1
"461",1440,1,1,0,0,1,0,0,0,1,1,1,0,1,1,1,1,1,1,1,1,0,1,1,1,0
"462",822,0,1,1,0,1,0,0,1,1,0,1,0,0,0,0,1,0,1,0,1,0,0,1,0,0
"463",1507,1,0,1,0,1,0,1,0,1,0,0,1,1,1,0,0,1,0,1,0,1,1,0,0,0
"464",670,1,1,0,1,0,0,0,0,0,0,0,0,0,0,1,0,1,1,1,0,0,1,1,1,1
"465",755,1,1,1,1,0,1,1,0,0,0,0,0,0,0,1,1,0,0,0,0,1,1,0,0,0
"466",1126,1,0,0,0,0,0,1,1,1,0,1,0,1,1,1,0,0,0,0,1,0,0,0,0,0
"467",874,0,0,0,1,1,0,0,1,0,0,0,1,0,1,1,0,1,1,1,0,1,1,1,0,0
"468",239,1,1,1,0,0,0,0,1,1,0,1,1,1,0,0,1,1,0,1,1,0,1,0,0,0
"469",92,0,0,0,NA,1,1,0,1,0,1,0,0,0,1,1,1,0,0,0,1,1,0,0,1,0
"470",824,1,1,1,0,1,0,1,1,1,0,0,1,1,1,0,1,1,0,1,1,0,1,1,0,1
"471",1417,1,1,1,1,1,0,1,1,0,0,1,0,1,1,0,1,0,0,1,1,1,0,0,0,0
"472",330,0,1,0,1,1,1,1,0,1,1,1,1,1,1,1,0,1,0,0,0,0,0,1,1,1
"473",624,0,1,0,0,0,1,1,0,1,0,0,1,0,1,0,0,0,1,0,1,1,1,0,0,1
"474",681,0,0,0,1,0,1,0,1,0,0,1,1,1,0,1,1,1,1,1,0,0,1,0,1,1
"475",1520,1,0,0,0,0,1,0,1,1,0,0,0,1,1,1,0,1,1,0,0,1,0,0,0,1
"476",729,0,1,0,NA,1,1,1,0,1,1,0,0,0,0,0,1,1,1,1,1,0,1,1,0,1
"477",72,0,0,0,1,1,0,0,0,1,1,0,1,0,0,1,1,0,1,0,0,0,0,0,0,1
"478",1174,0,1,0,0,0,1,1,0,0,0,1,0,1,1,0,0,0,0,1,1,0,1,1,0,1
"479",1463,0,1,0,0,0,0,0,1,1,0,1,0,1,1,0,1,0,0,0,1,1,0,0,0,0
"480",860,1,1,1,1,1,0,0,1,1,0,1,1,1,0,1,1,1,0,1,1,1,0,0,0,1
"481",991,1,0,0,1,1,1,0,1,1,0,0,0,1,0,0,1,0,1,1,1,1,1,1,0,1
"482",561,1,1,1,0,1,1,1,0,0,1,1,0,1,1,1,0,1,0,1,1,1,0,0,0,1
"483",1223,0,1,0,1,1,1,1,0,0,0,1,1,1,1,1,0,1,1,0,1,1,1,0,0,1
"484",17,0,0,0,1,0,0,1,1,0,0,1,0,1,0,0,0,1,0,1,1,1,1,NA,0,0
"485",564,1,0,0,1,1,0,1,0,0,0,NA,0,0,0,1,1,1,1,0,0,1,0,1,0,1
"486",1029,0,0,1,0,0,1,0,1,0,1,1,0,0,0,1,0,1,0,0,0,1,0,0,1,0
"487",576,0,NA,1,1,1,0,0,1,0,0,0,1,1,1,1,0,1,0,0,1,0,1,0,0,0
"488",340,1,1,1,1,0,0,0,1,1,1,1,0,0,1,1,0,1,1,1,1,1,1,0,0,0
"489",347,1,0,1,0,1,1,1,0,0,0,0,NA,0,0,1,0,0,0,0,0,0,0,0,0,0
"490",606,1,0,1,0,0,1,0,0,1,1,0,0,1,0,1,0,1,1,0,1,1,0,0,1,1
"491",1125,1,0,1,1,0,1,1,0,1,0,1,0,1,1,1,0,0,1,1,0,1,0,0,1,0
"492",503,1,1,0,1,1,1,1,0,1,1,0,0,0,0,0,1,0,1,0,0,1,1,1,1,1
"493",927,1,0,1,1,1,0,1,1,1,1,0,1,0,0,1,0,0,0,1,1,0,1,1,0,0
"494",244,0,1,0,0,1,1,0,1,0,0,0,1,1,1,0,0,0,0,0,0,1,1,1,0,1
"495",809,1,1,1,0,0,0,0,0,0,0,0,1,1,1,1,0,0,0,1,0,1,0,0,1,1
"496",661,1,1,0,0,1,1,0,0,0,0,1,1,0,0,0,0,1,0,0,1,1,1,0,1,0
"497",175,1,1,1,0,1,0,0,0,1,0,1,1,0,0,1,0,0,0,0,1,0,0,0,0,1
"498",1199,0,0,1,1,1,0,0,1,1,1,0,0,0,0,1,1,0,0,1,1,0,0,0,1,0
"499",259,0,1,0,1,1,1,0,0,1,1,0,0,1,0,0,1,1,0,0,0,0,1,0,0,1
"500",1337,1,NA,1,0,1,0,1,1,1,0,1,1,1,0,1,0,0,0,0,1,0,0,1,1,1
"501",622,1,0,0,1,0,0,0,1,0,1,0,1,0,1,1,0,1,1,1,0,1,0,1,1,0
"502",538,0,0,1,1,1,1,0,0,0,0,0,1,1,1,1,0,1,0,1,1,1,0,1,1,0
"503",1232,1,1,1,1,0,1,0,0,0,1,NA,0,1,1,1,0,0,0,0,0,0,1,0,1,1
"504",1143,0,0,0,0,1,0,1,1,0,1,0,0,0,0,1,1,0,1,0,0,1,1,0,0,1
"505",1237,1,0,0,0,1,1,0,1,0,0,1,1,0,1,1,0,1,1,0,0,1,1,1,1,1
"506",1398,0,1,1,1,1,0,0,0,0,1,1,1,0,1,0,0,1,1,1,0,1,1,1,1,1
"507",203,1,1,1,0,0,1,1,1,0,0,0,0,0,0,0,0,1,0,0,1,1,1,0,0,0
"508",1397,1,1,1,1,1,0,0,0,0,0,0,1,1,0,0,0,0,1,1,1,0,0,0,0,0
"509",1018,1,0,1,1,0,1,0,1,0,0,1,1,1,0,0,1,1,1,1,1,0,1,1,0,0
"510",660,1,1,0,1,1,1,1,0,1,1,0,0,0,1,1,1,1,0,1,1,0,0,1,1,0
"511",947,0,0,1,0,0,0,0,0,0,0,0,1,1,1,1,1,0,1,0,0,1,1,0,0,1
"512",1409,0,1,1,0,0,0,1,1,0,1,0,0,0,0,0,1,1,0,1,0,0,0,0,1,1
"513",1073,1,1,1,0,0,1,0,0,1,0,0,1,0,0,0,1,1,1,1,0,1,0,0,0,0
"514",361,0,1,0,1,1,1,0,1,1,1,0,0,0,1,1,0,1,0,1,0,1,1,0,1,1
"515",1196,1,0,1,1,0,0,0,1,1,1,0,1,1,1,1,0,1,1,0,0,0,0,0,1,0
"516",1376,1,1,1,1,0,0,1,1,0,1,0,0,0,0,0,0,0,1,1,1,0,1,1,1,0
"517",425,1,0,0,0,0,0,0,1,0,0,1,1,0,1,1,0,0,1,0,0,1,1,0,0,NA
"518",1489,0,0,0,1,1,0,1,0,0,1,1,1,0,0,1,0,1,0,1,0,0,0,1,1,0
"519",543,1,1,1,0,0,1,0,1,0,0,0,0,0,0,1,1,0,1,1,1,1,1,1,1,1
"520",1338,1,1,1,1,1,1,0,0,0,0,1,0,0,1,1,1,0,1,0,0,0,0,0,0,1
"521",1051,0,1,NA,0,1,0,1,1,0,0,0,0,0,0,1,1,1,1,0,0,0,0,0,1,1
"522",793,1,0,0,0,0,1,1,1,1,1,0,1,1,1,0,0,0,1,1,0,1,1,0,1,1
"523",201,1,0,1,1,1,1,1,0,0,1,0,0,1,1,1,0,1,1,0,1,1,1,0,0,1
"524",1530,0,0,0,0,0,0,0,0,1,1,0,1,0,1,1,1,1,1,0,0,NA,1,1,0,NA
"525",1222,0,1,1,1,1,1,1,0,0,1,0,0,0,0,0,0,0,0,0,1,0,0,0,1,1
"526",666,NA,1,0,0,0,0,0,1,0,1,1,1,1,1,1,0,1,1,1,0,1,0,NA,1,0
"527",254,0,0,0,NA,1,0,1,0,1,1,0,1,0,1,1,1,0,1,1,1,1,1,1,0,1
"528",995,1,0,1,1,0,0,1,1,1,0,0,1,0,1,1,1,1,0,0,1,0,0,1,1,0
"529",1268,0,0,0,0,0,0,0,1,1,0,0,1,1,0,0,0,0,0,1,1,1,1,1,0,0
"530",1019,1,0,1,0,1,1,0,0,0,1,1,1,0,1,1,1,0,0,1,0,1,1,1,0,0
"531",147,1,0,0,1,1,1,1,1,0,0,1,0,0,1,1,0,0,1,0,1,NA,0,0,0,1
"532",1423,0,1,1,0,0,0,1,1,0,0,1,1,1,0,1,1,1,1,0,0,1,1,0,0,1
"533",38,0,0,0,1,1,1,0,0,0,1,0,0,0,1,0,1,0,1,0,0,NA,0,0,1,1
"534",1181,1,1,0,1,1,1,0,0,0,0,0,1,0,0,1,1,0,1,1,1,1,1,1,1,1
"535",1228,0,1,1,0,1,0,0,1,1,1,1,0,0,1,1,1,1,1,1,0,1,1,1,0,1
"536",1336,1,1,1,1,1,1,0,1,1,1,0,1,1,1,0,1,0,0,0,0,0,0,1,1,0
"537",82,0,1,0,0,0,1,0,0,1,1,1,0,0,0,1,1,1,1,0,0,1,1,1,0,0
"538",41,1,1,1,1,1,1,1,0,1,1,0,0,1,0,0,1,1,0,0,1,0,0,0,1,0
"539",514,1,1,1,0,0,1,0,0,0,0,0,1,0,0,0,0,1,0,1,0,0,0,1,1,0
"540",502,1,1,0,1,1,1,0,0,0,1,0,1,1,0,0,0,0,1,1,0,0,1,1,1,0
"541",1283,1,1,0,1,1,1,0,0,1,1,1,0,1,1,0,0,0,1,1,0,1,1,0,1,1
"542",1020,0,0,0,0,0,1,0,0,1,1,1,0,0,1,0,1,0,0,0,1,NA,0,NA,0,1
"543",1135,0,1,0,1,1,1,0,1,1,0,0,0,1,1,1,0,0,0,1,0,0,1,0,0,0
"544",166,1,1,0,0,0,1,0,1,1,1,0,0,0,1,1,1,0,0,1,0,0,1,1,0,0
"545",8,0,0,0,0,0,0,1,0,1,1,0,0,1,0,1,0,1,1,1,0,0,0,1,0,0
"546",852,1,1,1,0,0,0,0,0,1,1,0,0,0,0,1,1,1,0,0,1,1,1,NA,1,0
"547",481,0,1,0,0,0,1,0,1,1,1,0,1,0,1,0,1,0,1,0,1,1,0,0,1,1
"548",40,0,0,1,0,0,1,1,1,1,1,0,0,0,0,0,0,0,1,1,1,0,1,0,0,1
"549",1130,0,1,1,0,1,0,1,0,1,1,1,0,1,0,0,0,0,1,0,1,1,0,1,0,1
"550",197,1,0,1,0,1,0,1,0,1,0,1,0,1,1,0,0,0,0,1,0,1,0,0,0,0
"551",865,0,0,0,0,0,0,0,1,1,0,0,1,0,1,1,1,1,1,0,1,1,1,0,0,0
"552",305,0,0,1,0,1,0,1,1,0,1,1,0,1,1,0,0,1,1,0,0,0,1,0,0,1
"553",1528,0,1,1,0,0,1,1,0,1,1,1,1,1,1,1,0,1,0,1,1,1,1,0,1,0
"554",1194,1,0,1,1,0,1,1,1,0,0,0,0,1,1,0,0,0,1,1,0,1,0,0,0,0
"555",62,0,1,NA,1,1,1,1,0,1,0,0,1,0,1,1,0,1,1,1,0,1,1,0,1,0
"556",195,1,0,1,0,1,0,1,1,1,1,1,1,1,0,0,1,1,1,0,0,1,1,0,0,1
"557",485,0,0,1,1,0,0,1,0,0,0,1,0,0,0,1,0,0,0,0,1,0,1,1,0,0
"558",1050,0,1,0,0,1,0,0,1,1,0,1,0,0,1,0,0,1,1,1,0,0,1,1,0,1
"559",549,1,0,1,1,0,0,0,0,0,0,1,1,0,0,1,0,1,0,1,1,0,1,1,0,1
"560",1473,0,0,0,1,0,1,1,0,0,0,1,1,1,1,1,0,0,1,1,1,1,1,0,1,0
"561",1025,1,0,0,0,1,1,0,1,1,0,0,0,0,0,1,1,1,0,0,0,0,0,0,1,1
"562",353,0,1,0,1,0,0,1,0,1,0,0,0,0,1,0,1,0,1,0,1,1,1,1,0,0
"563",866,0,0,0,0,0,0,1,0,1,1,0,0,0,0,0,1,1,0,1,0,1,0,0,0,1
"564",588,1,1,1,0,1,1,1,1,1,1,0,1,1,0,0,1,0,1,1,1,0,0,0,0,1
"565",725,1,0,0,1,1,0,0,0,0,1,0,0,0,1,1,0,0,1,1,0,0,1,1,0,0
"566",893,0,1,0,1,1,0,0,1,0,1,0,0,1,0,1,1,1,0,0,1,1,0,0,1,0
"567",1127,1,0,0,1,1,0,0,1,1,0,1,0,1,0,1,0,1,1,0,1,1,0,1,1,1
"568",178,1,0,1,0,0,1,1,0,0,1,1,1,1,0,0,0,1,0,1,0,1,1,0,0,1
"569",68,1,0,0,1,0,1,0,0,0,0,0,1,1,1,1,0,1,0,0,1,0,0,0,0,1
"570",727,0,0,0,0,1,1,0,0,1,1,1,1,0,1,1,1,0,0,1,1,1,1,1,1,0
"571",1037,0,1,1,0,1,1,1,0,1,1,1,1,0,1,1,1,0,0,1,0,0,0,NA,0,1
"572",711,0,1,0,1,0,0,1,1,0,1,1,0,1,0,1,0,1,0,0,1,0,0,0,0,1
"573",351,0,0,0,0,0,1,0,0,0,1,0,0,1,1,0,0,1,0,0,0,1,0,1,1,1
"574",423,0,0,0,1,1,0,0,1,1,0,1,1,1,0,1,0,1,1,1,1,1,1,1,1,1
"575",1317,0,NA,0,1,1,0,0,0,1,0,1,0,0,1,1,0,0,0,0,0,0,0,0,0,0
"576",1076,0,0,0,0,0,1,1,0,0,0,0,0,0,0,0,1,1,0,0,1,0,0,0,0,0
"577",424,NA,0,0,NA,1,1,0,1,1,1,1,0,1,1,1,0,1,1,0,1,1,0,0,1,1
"578",1243,NA,0,0,1,1,0,1,0,1,1,0,0,1,1,1,1,0,0,1,0,1,1,0,1,1
"579",639,0,1,0,1,1,1,1,0,0,1,0,0,0,1,0,1,0,0,1,1,0,1,1,0,1
"580",795,1,1,1,0,0,0,0,1,1,0,0,1,1,1,0,1,0,0,0,1,0,1,0,1,0
"581",1480,1,0,1,0,0,1,0,1,0,1,0,1,0,0,0,0,0,0,0,0,0,0,NA,1,1
"582",859,0,0,1,1,1,1,1,0,0,0,0,0,1,0,1,1,0,0,0,1,1,1,0,0,0
"583",90,NA,0,0,0,0,0,0,0,1,1,0,0,0,1,0,0,0,1,1,1,0,0,0,1,1
"584",1069,0,1,0,1,1,1,0,1,0,0,1,1,1,0,0,1,0,1,0,1,0,1,0,1,0
"585",608,1,1,0,1,1,1,0,1,1,0,1,1,0,0,1,1,1,0,0,1,0,0,1,1,1
"586",1139,1,0,1,0,1,1,1,1,1,1,1,1,1,0,0,1,1,0,1,1,0,1,0,1,0
"587",1022,1,1,1,1,1,0,1,0,1,0,0,0,1,0,0,0,0,1,1,0,1,0,1,0,0
"588",1488,1,0,1,1,1,0,1,1,0,0,1,0,0,0,1,0,0,0,0,1,0,0,1,1,1
"589",569,0,1,0,0,0,1,0,1,0,0,1,1,1,1,0,1,0,0,1,0,0,1,1,0,1
"590",1421,0,0,0,0,0,0,0,0,1,1,0,0,1,1,1,0,1,0,0,1,1,1,NA,1,0
"591",1419,1,0,0,1,0,1,0,1,0,0,1,1,0,0,0,0,0,1,0,0,1,1,0,0,0
"592",388,0,1,1,0,0,0,1,0,1,1,1,1,0,1,0,0,0,1,1,1,0,1,1,0,1
"593",858,0,0,1,0,1,0,1,0,0,0,1,0,1,0,0,1,0,0,1,1,1,1,0,0,1
"594",231,1,0,1,1,1,0,0,0,1,1,1,0,1,1,1,0,0,0,0,1,1,1,0,0,0
"595",148,1,0,0,1,0,0,1,1,1,0,0,0,0,1,0,0,1,0,1,0,0,0,1,1,0
"596",1248,0,0,0,0,1,1,1,0,1,1,1,0,1,0,0,1,1,1,0,0,1,1,0,1,1
"597",853,1,0,0,1,0,0,1,0,0,1,0,0,1,1,0,0,1,0,0,1,1,1,0,1,1
"598",1081,0,0,1,1,0,0,0,0,0,0,1,0,0,1,0,1,0,1,1,0,1,1,0,1,1
"599",1529,1,0,0,0,0,1,0,1,0,1,0,1,0,0,0,1,0,0,1,0,1,0,0,0,1
"600",317,0,1,1,0,0,0,1,1,1,1,1,0,0,1,1,1,0,0,1,0,0,1,1,0,0
"601",1094,1,1,1,1,1,0,0,0,0,1,0,0,0,1,0,0,0,0,1,0,0,0,0,0,0
"602",267,1,1,0,1,1,0,0,1,0,1,1,0,1,0,1,0,0,0,1,0,NA,1,0,0,0
"603",357,1,0,1,1,1,0,0,1,0,0,0,1,0,0,1,1,1,0,0,1,1,1,1,1,0
"604",1538,1,1,0,0,1,1,1,1,0,1,0,0,1,1,1,0,0,1,1,0,0,0,1,1,1
"605",283,0,0,1,0,1,0,1,1,1,1,1,0,0,1,1,1,NA,1,0,0,0,1,0,1,0
"606",249,1,0,0,0,0,0,1,1,1,0,0,0,0,1,0,1,0,1,0,0,0,0,0,1,0
"607",448,0,1,0,0,0,1,1,1,0,0,1,0,1,0,1,0,0,0,1,1,0,0,1,1,0
"608",532,0,1,0,0,1,0,1,1,0,1,0,1,0,1,1,1,1,1,1,0,0,0,0,1,1
"609",1149,NA,1,0,1,1,1,0,0,0,0,1,1,1,1,0,1,1,0,1,0,1,1,0,0,1
"610",618,0,1,1,0,0,0,1,1,1,0,1,0,0,0,0,0,1,0,0,0,0,0,0,1,NA
"611",750,1,1,1,0,1,0,0,1,1,0,1,1,1,0,1,1,1,1,0,1,1,1,0,0,0
"612",656,NA,0,0,0,1,1,0,0,1,0,0,0,0,1,1,1,1,1,1,1,0,1,1,1,0
"613",1416,0,NA,1,1,0,0,0,0,0,0,1,1,0,1,1,0,0,1,0,1,1,0,1,1,0
"614",1532,1,0,0,1,1,1,0,1,0,1,1,1,0,0,1,1,0,0,1,1,1,1,NA,0,0
"615",135,1,1,1,1,1,0,1,1,1,0,0,0,1,1,1,1,0,1,1,0,1,0,1,1,1
"616",1385,1,0,1,1,1,1,1,0,0,1,1,0,1,0,1,0,0,0,0,0,0,1,0,0,0
"617",993,1,0,1,1,0,1,0,0,0,1,0,1,1,0,0,1,1,1,0,1,1,1,0,1,1
"618",776,0,1,0,1,0,0,0,1,0,0,0,1,1,0,1,1,0,1,1,0,0,1,0,0,0
"619",1236,1,0,1,1,1,1,1,1,1,0,0,1,0,0,0,1,0,0,0,1,0,0,1,0,0
"620",224,0,0,1,0,0,0,1,0,0,0,0,1,0,1,1,1,1,1,0,0,0,1,0,1,0
"621",873,1,1,0,0,1,0,1,1,0,1,0,0,1,0,0,1,0,1,1,0,0,0,1,0,0
"622",892,1,1,0,1,0,1,1,0,0,0,0,0,1,1,1,1,0,0,1,0,0,1,1,0,1
"623",525,1,1,1,0,1,0,0,0,1,0,0,0,1,1,1,0,0,0,0,0,1,0,0,0,0
"624",591,1,0,1,0,1,1,1,1,0,0,0,0,0,1,1,1,0,0,0,0,1,0,0,0,0
"625",1446,0,1,0,1,0,0,0,1,1,1,0,0,0,1,0,1,1,1,0,1,1,0,1,1,1
"626",456,0,1,1,0,1,1,0,0,0,0,0,0,1,1,0,0,1,1,1,1,1,0,0,1,0
"627",229,0,1,0,1,0,1,0,1,0,1,0,0,1,1,0,0,0,0,1,0,0,0,0,0,1
"628",83,0,0,1,1,1,0,1,1,0,0,1,0,1,0,0,0,1,1,1,1,1,1,1,0,1
"629",1150,1,0,1,1,0,1,0,0,0,1,1,0,0,0,1,1,0,1,1,0,0,1,1,1,1
"630",242,1,0,1,1,0,0,0,0,0,1,0,1,0,0,0,0,1,1,1,1,1,1,1,1,0
"631",1032,1,0,1,1,0,0,1,1,0,1,0,0,0,1,0,1,0,0,1,0,1,0,0,0,0
"632",1074,0,0,1,0,0,0,1,0,1,1,0,0,0,0,1,0,1,1,1,0,1,0,1,0,1
"633",1425,0,1,0,1,1,1,1,1,0,0,0,1,0,0,1,1,1,0,0,1,1,0,0,0,1
"634",1003,0,1,1,1,0,0,1,1,1,1,1,0,0,1,1,0,1,1,1,1,0,0,0,1,1
"635",183,1,0,NA,0,1,1,0,1,0,1,1,0,0,1,0,0,0,0,1,0,0,1,0,1,0
"636",753,0,0,1,0,0,0,0,1,0,1,1,0,1,0,0,1,0,1,1,1,0,0,1,0,1
"637",1549,1,0,0,0,1,0,1,1,0,0,0,0,0,1,1,0,1,1,1,0,0,1,1,1,1
"638",534,1,0,0,0,0,1,0,0,0,0,1,0,0,1,0,1,1,0,1,0,0,1,0,0,0
"639",617,1,0,1,0,1,0,0,0,1,1,1,0,1,0,1,0,0,1,1,1,1,0,0,1,1
"640",251,1,1,1,NA,1,0,0,1,1,0,1,1,1,0,1,1,0,0,0,0,0,1,1,0,1
"641",539,0,0,0,0,0,0,0,1,0,0,0,0,1,0,1,1,0,0,0,1,0,1,0,1,0
"642",248,1,0,0,0,0,0,1,1,1,1,0,1,1,1,0,0,1,1,1,1,0,0,0,0,1
"643",1356,1,0,0,1,1,0,1,1,0,1,0,0,1,1,1,1,1,0,1,0,0,1,1,1,NA
"644",80,0,1,0,1,1,0,0,0,0,1,0,1,0,0,1,0,0,1,1,1,1,1,1,0,0
"645",263,0,0,0,1,1,1,1,0,0,0,0,1,0,1,1,1,1,1,0,1,1,1,NA,0,1
"646",716,1,1,0,1,1,0,1,0,1,1,0,0,0,1,1,1,1,1,1,0,1,0,1,1,0
"647",16,1,0,0,0,0,1,1,0,1,0,1,0,1,0,0,1,1,1,0,1,1,1,1,1,0
"648",57,0,1,1,0,1,1,1,1,0,1,0,1,1,0,0,0,1,1,0,0,1,0,1,1,0
"649",653,1,1,1,1,1,1,1,1,1,1,1,1,0,1,0,1,0,1,0,0,0,1,1,1,NA
"650",999,1,1,0,0,1,1,1,1,1,1,0,0,1,0,0,0,1,1,1,1,0,1,0,1,1
"651",1455,0,0,0,1,0,1,1,1,1,1,0,1,1,1,0,1,0,0,1,0,0,1,1,1,1
"652",1192,1,1,0,0,0,1,0,0,0,0,1,1,1,1,0,1,1,0,0,0,1,1,1,0,1
"653",1195,1,1,1,0,0,1,1,1,0,1,0,0,1,1,0,0,0,0,1,1,1,1,1,0,1
"654",1064,1,0,1,0,1,1,0,0,1,1,0,1,0,0,0,0,0,1,0,0,1,0,1,0,0
"655",1117,0,1,0,0,0,0,0,0,0,0,1,1,1,1,0,0,0,1,1,0,1,0,1,1,0
"656",1371,1,0,0,1,0,1,1,0,0,0,1,1,0,1,1,1,1,0,0,0,1,0,0,1,1
"657",96,1,0,1,1,1,1,1,0,0,1,0,0,0,0,0,1,0,0,0,1,0,1,0,1,1
"658",812,1,0,0,1,0,1,0,0,0,0,0,1,1,1,1,1,1,0,0,1,1,1,0,0,0
"659",946,0,1,1,0,0,1,1,0,1,0,0,1,0,0,0,0,1,0,1,1,0,0,1,1,0
"660",426,0,1,0,1,0,0,1,1,0,0,1,1,1,0,0,0,1,1,0,0,1,1,0,0,0
"661",586,0,0,0,0,1,0,0,0,1,1,0,0,1,1,1,1,0,1,1,0,0,0,1,0,0
"662",1213,0,1,1,0,1,0,0,0,0,0,0,1,0,1,1,0,0,0,0,1,0,0,0,1,1
"663",441,0,1,1,0,0,0,0,0,0,0,0,1,1,1,1,1,1,0,1,1,1,1,1,0,1
"664",323,1,1,1,1,0,0,1,1,1,1,0,1,0,1,1,1,1,0,0,0,0,0,0,0,0
"665",1358,0,0,1,1,1,0,1,0,0,1,1,0,1,0,0,0,1,0,0,0,1,0,1,1,0
"666",206,1,1,1,0,1,0,0,0,0,1,0,1,1,1,1,0,0,1,1,0,1,0,1,1,1
"667",685,1,1,1,1,0,0,0,0,1,0,0,1,0,0,0,0,1,0,1,1,1,1,0,1,1
"668",1361,1,1,0,0,0,1,1,0,0,0,0,1,1,0,1,0,0,1,0,1,1,1,0,1,1
"669",770,0,1,0,1,0,1,1,0,0,1,1,0,0,1,0,1,0,0,1,1,0,1,1,0,1
"670",533,1,0,NA,1,1,1,0,1,1,0,1,0,1,0,1,1,1,0,1,0,1,0,0,1,1
"671",567,0,0,1,0,0,0,1,1,0,0,0,1,1,0,1,1,0,1,0,0,0,1,0,1,NA
"672",611,1,0,1,0,1,0,1,1,0,0,1,0,1,0,1,0,0,1,1,0,1,1,1,0,0
"673",886,1,0,1,0,1,1,1,1,0,0,1,1,0,1,1,0,0,0,0,0,1,0,0,1,1
"674",1386,1,0,1,0,1,0,0,0,0,1,0,0,1,1,1,1,0,1,0,1,0,0,0,0,1
"675",349,0,1,1,0,0,0,1,1,0,0,NA,1,1,0,0,1,1,0,0,1,1,1,0,1,1
"676",1137,0,0,0,1,1,0,1,1,0,0,0,0,1,0,0,0,NA,1,0,1,1,0,1,0,1
"677",1002,0,1,0,1,0,1,1,1,1,0,1,0,0,1,0,0,1,1,1,0,1,1,1,0,1
"678",488,1,1,0,0,0,1,0,1,0,0,1,0,1,0,0,1,1,1,1,1,0,0,1,0,0
"679",904,1,1,1,1,1,1,0,0,0,0,1,1,0,0,1,0,1,1,1,0,1,0,1,0,0
"680",601,0,1,1,0,1,0,1,1,1,1,0,1,1,1,1,1,0,1,1,1,1,1,0,0,0
"681",772,1,1,0,0,0,0,0,0,0,1,1,0,1,0,1,1,0,0,1,0,0,0,0,1,1
"682",748,1,0,1,1,1,1,1,0,0,0,0,0,0,0,0,1,0,0,0,1,0,0,0,0,1
"683",501,0,1,1,0,0,1,1,1,1,1,0,0,0,0,0,1,0,1,1,1,0,0,1,0,0
"684",671,1,1,0,0,1,1,1,0,0,0,0,0,0,1,0,0,1,0,1,1,0,1,1,0,1
"685",513,0,0,1,1,1,0,1,0,0,0,1,1,0,1,1,0,1,0,1,0,0,0,1,0,0
"686",917,1,0,1,1,0,1,0,1,0,1,0,1,1,0,0,0,1,1,0,1,0,0,1,1,1
"687",19,0,0,1,1,1,0,1,1,1,1,1,0,0,1,1,0,0,0,1,1,1,1,1,1,1
"688",1239,1,1,1,0,1,0,0,1,0,1,1,1,0,1,0,1,0,1,1,1,0,0,1,0,1
"689",158,1,0,NA,1,0,1,0,0,0,1,0,0,1,0,0,1,1,0,0,1,1,1,1,1,0
"690",603,1,0,1,1,1,0,0,1,0,0,NA,1,1,1,1,0,1,0,0,1,0,1,0,0,NA
"691",145,0,0,0,0,1,1,1,0,0,0,1,1,0,0,0,1,0,0,0,0,1,1,0,1,0
"692",1052,0,1,0,0,1,1,1,1,0,1,0,1,1,1,1,1,0,1,0,0,1,0,1,1,0
"693",895,0,0,1,1,1,0,1,1,1,0,NA,0,0,0,1,1,1,0,1,0,1,1,0,1,1
"694",720,0,1,1,0,1,1,0,1,0,0,1,1,1,1,1,0,0,1,0,0,1,1,1,1,1
"695",546,1,0,0,1,0,1,1,0,0,0,1,0,1,1,0,1,1,0,0,0,0,1,0,1,1
"696",307,1,0,1,1,1,1,0,0,1,1,1,0,0,1,1,0,0,0,0,1,1,0,1,1,1
"697",339,0,1,1,1,0,0,1,1,1,1,1,0,0,1,0,1,1,0,0,1,1,0,1,0,1
"698",146,0,0,0,0,1,1,0,0,1,1,0,0,0,0,0,0,0,0,0,1,0,0,1,0,1
"699",1481,0,0,0,1,1,0,0,1,0,1,1,1,1,1,0,1,1,1,1,0,1,1,0,0,0
"700",1412,0,0,1,1,0,0,1,1,0,1,1,0,1,0,1,0,1,1,0,0,0,1,0,0,1
"701",555,0,0,1,1,1,1,1,0,1,0,0,0,1,0,1,1,0,1,1,0,0,0,1,1,0
"702",1391,0,1,1,1,0,0,0,1,0,1,NA,0,0,1,0,0,0,0,0,0,0,0,1,1,1
"703",165,0,0,1,0,1,0,1,1,1,0,NA,1,0,1,1,0,1,1,1,0,0,1,1,0,0
"704",530,0,0,0,0,0,0,1,0,1,1,1,0,0,1,1,0,0,0,1,1,0,0,0,0,0
"705",1013,NA,0,0,1,0,1,1,1,0,1,0,1,1,0,0,1,1,1,0,1,0,0,1,1,1
"706",950,1,0,0,0,0,0,1,0,1,1,0,1,0,0,1,1,0,1,0,0,1,0,1,0,0
"707",689,0,0,0,1,1,0,0,0,1,0,1,NA,1,0,1,0,1,1,1,1,1,0,1,1,1
"708",446,1,0,1,0,1,0,0,0,1,1,1,0,0,1,1,1,1,0,0,0,0,1,0,0,0
"709",988,0,1,1,0,0,0,0,0,0,0,0,0,1,1,1,1,0,1,0,0,1,1,0,1,0
"710",968,0,NA,0,0,1,0,1,0,1,0,0,NA,0,1,1,1,0,0,1,1,1,0,0,1,1
"711",1177,0,1,0,1,1,0,1,0,0,1,1,1,1,0,1,1,0,0,1,0,1,0,0,0,1
"712",612,0,0,0,0,1,0,0,1,1,0,0,0,0,1,0,1,0,0,1,0,1,0,1,0,0
"713",589,0,1,0,1,0,1,0,1,1,0,0,0,0,0,0,1,1,0,0,1,0,0,0,0,1
"714",415,0,0,0,1,0,1,0,0,1,0,1,1,0,0,1,0,0,1,0,1,0,1,1,0,1
"715",170,0,1,1,0,1,0,0,1,1,0,1,0,1,0,1,0,0,1,1,0,0,0,0,1,0
"716",93,0,1,1,1,0,0,0,0,1,1,1,0,1,1,1,1,1,1,1,1,NA,1,0,1,0
"717",1495,0,1,0,0,0,0,1,1,0,0,0,0,0,1,1,0,0,1,0,0,0,0,0,1,0
"718",1278,1,1,NA,0,0,1,0,1,0,1,0,1,1,0,1,0,NA,0,1,0,1,1,1,0,0
"719",1526,0,1,1,1,0,1,1,1,1,0,1,0,1,1,1,0,1,0,0,1,1,0,1,0,0
"720",1033,1,1,1,0,0,0,0,0,1,1,1,1,0,1,0,0,0,1,1,1,0,0,0,1,0
"721",507,1,1,1,1,0,1,1,0,0,0,0,0,0,0,1,0,1,1,0,0,1,0,1,1,1
"722",1565,0,1,0,0,0,0,1,0,0,0,0,0,0,0,1,0,1,1,1,1,0,1,0,1,0
"723",765,NA,1,1,1,0,1,0,1,0,0,1,1,1,1,0,1,1,0,1,0,0,0,1,1,0
"724",1545,1,1,0,0,1,0,1,0,1,1,0,0,0,1,1,1,0,1,1,1,1,0,1,0,0
"725",329,1,1,0,0,0,0,0,0,1,0,0,0,1,1,0,1,1,1,1,0,1,1,0,1,0
"726",107,0,1,0,1,1,0,0,0,0,1,1,0,1,1,0,1,1,0,1,1,0,1,0,1,1
"727",679,1,1,0,NA,1,1,1,1,0,1,0,1,1,1,0,1,0,0,1,1,0,1,0,0,1
"728",937,0,0,1,1,0,1,1,1,1,1,0,1,1,0,0,0,0,1,0,0,1,1,1,1,0
"729",127,1,1,1,1,1,1,0,1,1,1,0,0,1,1,1,0,1,0,0,1,0,0,1,0,0
"730",1188,0,0,1,1,1,1,0,0,1,0,0,0,1,1,1,1,0,0,0,0,1,0,0,0,0
"731",171,0,1,0,0,1,0,1,0,1,1,1,0,0,1,0,0,1,0,1,1,1,0,1,0,1
"732",827,NA,1,1,0,0,0,0,0,1,1,1,1,0,1,1,1,1,0,1,1,1,1,0,1,0
"733",912,0,1,1,0,0,0,0,1,0,0,0,0,0,1,0,0,0,1,1,1,0,1,0,0,1
"734",1219,0,1,1,0,0,1,0,0,1,1,0,0,0,1,0,0,1,0,1,0,1,1,0,0,1
"735",1433,1,1,0,1,1,0,0,1,1,0,0,0,0,0,0,0,0,1,0,0,0,0,0,1,0
"736",1518,1,0,1,0,0,0,1,0,0,1,1,0,0,1,1,1,0,1,0,0,1,1,0,0,1
"737",570,1,1,1,1,1,1,0,1,0,1,0,1,0,0,0,0,0,0,1,1,1,1,1,0,1
"738",640,1,0,1,0,0,0,0,1,1,1,0,1,0,1,0,1,1,1,1,0,0,1,1,0,NA
"739",992,0,1,1,0,0,0,1,0,0,1,0,1,1,0,1,1,0,0,1,1,1,1,1,0,0
"740",30,0,1,0,0,0,1,0,1,1,1,1,1,0,0,1,1,1,0,0,1,1,0,0,1,0
"741",800,0,0,0,0,1,1,0,0,1,1,1,0,0,1,0,1,1,1,0,1,1,1,1,0,0
"742",936,0,0,1,1,0,1,0,1,0,0,0,1,0,1,1,0,0,1,0,0,0,1,0,0,NA
"743",1359,0,0,1,1,1,0,0,1,1,1,0,NA,1,1,0,0,1,1,1,0,0,0,1,1,0
"744",598,1,0,0,0,0,1,0,0,0,1,0,1,1,0,1,1,1,0,1,1,0,0,0,0,0
"745",97,1,1,0,0,0,0,1,1,0,0,1,0,1,0,1,0,1,0,1,0,0,1,1,1,1
"746",688,1,0,1,1,0,0,1,0,0,0,0,0,1,1,0,1,0,1,1,0,0,1,1,1,0
"747",1551,1,1,0,0,1,0,1,0,1,0,0,1,1,1,0,1,0,0,0,1,0,1,1,1,0
"748",1224,0,1,0,0,1,0,0,1,0,0,0,0,0,0,1,0,1,1,1,1,0,1,0,0,1
"749",75,1,0,0,0,0,1,0,1,0,0,1,1,0,0,0,1,0,0,1,0,1,1,0,0,NA
"750",675,1,0,1,0,0,0,1,1,0,0,1,1,0,0,0,0,1,1,0,0,1,0,0,1,1
"751",577,0,1,0,0,0,0,0,0,1,1,0,1,0,0,0,1,0,0,0,0,1,1,1,0,1
"752",12,1,1,1,1,0,1,1,0,1,0,0,0,1,1,0,1,1,1,0,1,1,0,0,0,1
"753",1534,1,0,0,1,0,1,1,0,1,1,0,1,1,0,0,0,0,0,1,1,0,1,0,0,0
"754",2,0,0,0,1,1,0,1,1,1,0,0,0,1,0,1,0,1,0,0,1,1,1,0,0,0
"755",46,0,1,0,0,0,0,0,0,0,1,1,0,0,1,1,1,1,0,0,1,0,0,1,1,0
"756",523,0,1,0,1,1,1,1,0,0,0,0,1,0,0,1,0,0,1,1,1,0,1,0,1,0
"757",176,0,0,1,1,0,0,0,1,0,1,1,0,0,1,1,0,0,0,0,1,0,1,0,0,1
"758",620,0,0,0,1,1,0,1,0,1,1,0,1,0,0,0,0,1,0,1,0,0,0,1,1,1
"759",1372,0,1,1,1,0,1,1,1,1,0,1,0,1,0,0,0,0,1,1,1,1,0,0,0,1
"760",706,1,1,0,1,1,1,0,1,1,0,0,1,0,0,0,0,0,0,0,0,1,1,1,1,0
"761",194,0,0,0,1,0,0,0,1,0,1,0,1,1,1,1,0,1,1,0,0,1,0,0,1,1
"762",1186,0,1,1,0,0,0,0,1,0,1,0,0,1,1,0,1,1,1,1,0,NA,1,0,1,1
"763",210,1,0,0,1,1,0,0,0,0,0,1,1,1,0,1,0,1,0,1,1,1,1,0,0,1
"764",699,0,1,1,1,0,0,1,1,0,0,1,1,1,1,1,0,0,0,0,1,0,1,0,1,0
"765",98,1,0,0,0,0,1,0,0,0,1,0,1,0,1,0,1,0,0,0,1,0,0,0,1,1
"766",996,1,0,1,1,1,1,1,0,0,1,0,1,1,0,1,1,NA,0,0,1,1,0,1,0,1
"767",1198,0,1,0,0,0,0,0,0,1,1,1,1,0,0,1,0,0,1,0,0,1,0,0,1,1
"768",1182,0,0,1,0,1,0,0,0,0,1,1,1,1,0,1,0,0,0,0,1,0,0,1,0,0
"769",496,1,0,0,NA,1,0,0,0,0,1,0,1,0,0,1,1,1,0,1,1,0,1,1,0,1
"770",276,1,0,0,0,1,1,0,1,1,1,0,0,0,0,0,0,1,0,1,1,0,0,0,1,0
"771",362,0,1,0,0,0,1,0,1,0,1,1,0,0,0,0,0,0,0,0,0,1,1,1,0,0
"772",6,1,0,NA,0,1,0,0,1,1,1,0,1,0,1,0,1,1,1,1,0,1,0,1,1,0
"773",846,1,1,1,1,1,0,0,1,0,0,1,0,0,0,0,1,0,1,0,1,1,0,0,0,1
"774",623,0,0,1,0,0,1,0,1,1,1,0,0,0,1,1,0,1,0,1,1,1,0,NA,1,0
"775",826,0,1,0,0,1,0,0,0,1,1,NA,1,0,1,0,0,1,0,0,0,0,0,0,1,NA
"776",395,1,1,1,0,1,1,1,1,1,0,0,0,0,0,1,0,NA,1,0,0,1,1,1,1,0
"777",1276,1,0,1,0,0,1,1,1,1,1,1,0,0,1,1,0,1,0,0,1,1,1,1,0,0
"778",417,1,1,0,0,1,0,0,1,1,1,1,1,1,1,1,0,1,0,0,1,0,0,1,1,0
"779",797,0,1,1,1,0,1,0,1,1,0,1,1,0,1,0,0,1,0,0,0,1,1,0,1,0
"780",293,0,1,1,1,0,0,1,0,1,1,1,1,1,1,1,0,0,1,0,1,0,1,1,1,1
"781",460,1,1,0,1,0,0,1,0,0,0,0,0,1,0,0,0,0,1,1,1,1,0,1,1,1
"782",1175,1,1,1,0,0,1,0,1,1,0,0,1,0,1,0,1,0,1,0,1,0,0,NA,1,0
"783",100,0,1,1,1,0,1,1,1,0,1,1,0,0,0,0,0,0,1,1,1,1,0,1,1,1
"784",979,0,1,1,1,0,1,0,1,1,1,0,1,1,1,0,0,0,1,0,1,1,0,1,0,1
"785",1153,0,NA,0,1,0,1,1,0,0,0,1,1,0,1,1,0,NA,1,1,0,0,1,1,0,0
"786",396,0,1,0,0,0,0,0,0,1,0,1,1,0,1,1,1,1,1,0,0,1,0,0,0,1
"787",1157,1,1,0,1,1,0,1,1,0,0,1,0,1,1,1,0,1,0,0,1,1,0,0,1,1
"788",948,1,0,0,0,1,1,1,0,1,1,1,0,0,0,1,0,1,1,0,1,0,0,1,1,0
"789",1270,1,1,1,0,1,0,0,0,0,0,1,0,1,0,1,1,0,1,1,1,0,0,1,0,1
"790",994,0,1,0,0,1,1,1,1,1,0,1,1,1,0,1,0,0,0,0,1,0,0,0,1,0
"791",600,1,0,1,0,1,1,1,0,0,0,1,1,0,0,0,1,1,1,1,0,0,1,0,1,0
"792",641,0,1,1,0,1,0,1,0,0,1,1,0,1,0,1,1,1,0,0,0,1,1,0,0,1
"793",921,0,0,1,1,1,0,1,0,0,1,1,0,1,0,0,0,0,1,0,0,0,0,0,1,1
"794",1105,1,1,0,0,1,0,1,1,1,1,0,0,1,0,1,1,1,0,1,0,0,0,1,1,0
"795",85,0,1,1,0,1,1,0,1,1,0,1,1,0,0,1,1,0,0,1,1,1,1,0,1,1
"796",431,0,0,1,0,1,1,1,0,1,1,0,1,0,1,0,0,0,1,0,0,1,1,1,0,1
"797",1078,0,0,0,1,1,0,1,1,1,0,1,0,0,0,1,0,0,0,0,1,0,0,1,1,1
"798",95,0,0,0,0,0,1,0,1,1,1,1,1,0,0,0,0,0,0,0,0,1,1,1,1,0
"799",883,0,0,1,0,1,0,1,1,0,0,1,0,1,1,0,1,0,0,1,0,0,0,1,0,1
"800",1142,1,1,1,1,1,0,0,1,1,0,0,0,1,1,0,1,0,0,1,1,1,1,1,1,0
"801",906,1,0,0,0,1,0,0,1,0,1,1,1,0,1,1,1,1,0,0,0,0,0,0,1,0
"802",759,0,1,0,1,0,1,0,1,0,0,0,0,1,1,0,0,1,0,1,1,1,0,0,1,1
"803",455,1,1,1,0,1,0,1,0,0,0,1,0,1,1,1,0,1,1,1,1,0,1,0,0,1
"804",50,1,0,0,0,1,1,1,1,0,1,1,1,1,1,1,1,0,0,1,1,0,0,1,1,0
"805",1136,0,1,1,1,1,0,0,1,1,1,0,1,1,0,1,1,0,1,0,1,1,0,1,1,1
"806",243,NA,0,0,1,0,0,1,0,0,0,1,1,0,1,1,1,0,0,1,0,0,1,0,0,0
"807",1390,0,0,0,1,0,1,1,1,0,1,1,0,0,0,0,1,1,0,0,0,0,1,0,0,1
"808",233,1,1,0,1,1,1,0,1,0,1,1,1,1,1,1,1,1,0,0,0,1,0,1,0,0
"809",256,1,0,0,1,1,0,0,0,1,0,1,0,1,1,1,1,1,1,0,0,1,1,0,0,0
"810",981,1,NA,0,1,0,0,1,0,0,1,1,0,1,1,0,1,0,1,0,1,1,0,1,0,0
"811",1315,0,0,0,1,0,1,1,1,0,1,0,1,0,0,0,0,1,1,1,0,1,0,1,0,1
"812",1498,0,0,1,1,1,0,0,1,1,1,1,1,0,1,1,1,1,1,0,0,0,1,0,0,0
"813",1355,0,0,0,NA,1,1,1,0,0,1,0,0,0,0,0,1,0,0,1,0,1,0,0,0,0
"814",1321,0,0,0,1,1,1,1,0,0,0,0,1,1,0,0,1,0,1,0,1,0,0,0,0,1
"815",309,1,0,0,0,1,1,0,0,0,1,0,1,0,1,1,0,1,1,0,1,0,1,1,1,1
"816",922,1,1,0,1,1,0,0,0,0,0,0,0,0,1,1,0,1,1,1,1,0,0,0,1,0
"817",1306,0,1,0,0,0,0,0,0,1,0,1,1,1,1,0,1,1,1,0,1,1,1,1,0,0
"818",1415,1,1,1,1,0,0,1,0,0,1,0,1,0,1,0,1,0,0,0,1,NA,1,1,1,1
"819",1118,0,1,0,0,0,0,1,1,0,0,1,0,1,1,0,0,1,1,0,1,1,0,0,1,1
"820",518,1,1,0,1,0,0,1,1,1,0,0,0,0,0,1,1,1,1,0,0,1,0,0,1,1
"821",269,1,1,0,1,0,1,1,0,0,0,1,1,0,1,1,0,0,0,0,0,1,0,0,1,0
"822",709,0,1,1,0,0,0,1,0,1,0,0,1,1,1,1,0,1,1,1,0,1,1,1,1,0
"823",266,1,0,0,1,1,1,0,1,0,1,0,1,0,1,0,1,0,1,1,1,0,0,0,0,0
"824",49,0,0,0,1,0,1,1,0,0,1,1,0,1,0,0,0,1,0,0,1,0,1,0,0,1
"825",1246,1,1,1,1,0,0,0,0,0,0,1,1,0,0,0,0,1,1,0,0,1,0,1,0,1
"826",1424,0,1,1,0,1,1,1,1,0,1,0,0,1,0,1,1,1,0,1,0,1,0,0,0,1
"827",1010,0,1,1,1,0,0,0,1,1,0,1,1,1,1,0,1,0,1,1,1,0,0,0,1,1
"828",354,0,1,0,0,1,1,1,0,1,1,1,1,0,0,1,1,1,0,0,0,1,0,0,1,1
"829",1474,1,0,0,1,0,0,0,0,1,1,1,0,0,0,0,0,0,0,1,1,1,1,1,0,1
"830",130,1,0,1,1,0,1,0,1,1,1,1,1,1,1,1,1,0,1,1,1,0,1,0,1,0
"831",159,0,1,0,1,1,1,0,1,1,0,1,1,1,0,1,1,1,0,1,1,1,0,1,1,1
"832",23,0,NA,1,0,0,1,1,0,0,1,1,1,1,0,1,1,0,1,0,0,1,1,0,1,0
"833",1375,0,1,1,1,1,0,0,0,1,1,0,0,0,0,1,1,1,0,0,1,1,0,1,1,1
"834",84,0,0,1,0,0,1,0,0,1,1,1,0,1,1,1,0,0,1,1,1,1,0,0,1,0
"835",121,0,1,0,0,1,1,1,1,0,1,0,0,1,0,1,0,0,1,1,1,0,1,0,0,0
"836",529,1,1,0,1,0,1,1,0,0,0,1,1,1,1,0,0,0,1,0,0,0,0,0,1,NA
"837",493,0,1,1,1,0,0,0,0,0,0,1,0,0,0,0,0,0,1,0,1,1,1,1,1,0
"838",604,1,0,1,1,1,0,0,1,1,1,0,0,1,0,0,1,0,0,1,0,0,0,0,0,1
"839",854,1,1,1,1,0,1,0,0,1,1,1,0,0,1,1,1,1,1,0,1,0,0,1,1,0
"840",487,0,1,0,1,1,1,1,1,1,1,1,1,0,0,0,0,0,0,0,0,1,0,1,0,1
"841",394,0,0,0,0,1,1,0,0,1,1,1,0,0,0,1,0,1,0,0,0,0,0,0,1,0
"842",1323,1,1,1,0,0,1,1,1,0,0,1,0,1,1,1,1,1,1,0,1,0,1,1,0,0
"843",820,1,0,0,0,1,0,0,0,1,0,1,0,1,0,0,1,0,0,0,1,0,1,0,0,1
"844",710,1,1,0,0,1,1,1,1,0,1,NA,0,0,1,0,1,1,0,1,1,1,0,0,1,1
"845",497,1,0,0,0,0,0,0,0,1,1,1,0,1,1,1,1,1,0,0,1,0,1,1,1,0
"846",316,1,1,1,0,0,0,0,1,1,0,0,0,0,1,0,1,0,0,1,1,1,1,0,0,0
"847",834,0,0,0,0,0,0,0,1,0,1,1,0,0,0,0,0,1,1,0,0,1,1,1,0,0
"848",1259,1,1,0,1,1,0,1,0,1,0,1,1,0,0,0,0,1,0,1,0,1,0,0,1,1
"849",781,0,1,0,1,1,0,1,0,1,1,1,1,0,1,1,1,0,1,0,1,1,0,1,0,1
"850",1056,0,0,1,1,1,0,1,1,0,1,NA,1,1,1,1,0,0,0,1,0,1,1,1,0,0
"851",778,1,0,0,0,1,0,0,0,1,0,0,0,1,0,1,1,0,1,1,1,0,1,0,0,0
"852",70,0,1,0,1,1,0,1,1,0,1,0,0,0,1,0,0,1,1,0,0,0,0,0,0,1
"853",437,1,1,0,0,1,1,0,1,0,0,1,0,0,1,0,1,1,1,0,0,0,1,0,1,0
"854",1402,0,0,1,0,0,0,1,1,1,1,0,1,1,1,1,0,1,0,1,1,0,0,0,1,1
"855",1475,1,0,1,0,1,0,1,1,1,0,0,1,1,1,0,0,0,0,0,0,0,0,0,0,1
"856",773,1,0,0,0,1,1,0,1,0,1,1,1,0,0,1,1,0,0,1,0,1,1,0,1,0
"857",161,1,1,0,0,1,1,1,1,0,0,1,1,0,0,1,1,0,1,0,1,0,1,0,1,1
"858",264,1,0,0,0,0,1,0,1,0,1,1,0,1,1,1,1,0,1,1,0,1,1,0,0,0
"859",1562,0,1,1,0,0,0,1,1,0,1,0,0,1,1,1,0,1,1,0,1,0,1,0,0,0
"860",1466,1,1,0,0,0,0,1,0,1,1,1,1,0,1,1,0,1,0,0,1,0,1,1,0,1
"861",1418,1,1,0,NA,0,0,1,0,1,1,0,1,0,1,1,1,0,0,1,0,1,0,0,0,0
"862",680,0,1,0,0,0,0,0,1,0,1,0,1,1,1,1,1,1,1,0,1,1,0,1,0,1
"863",37,1,1,0,1,1,0,0,1,0,1,1,1,1,1,1,1,0,1,0,1,1,1,0,1,0
"864",1049,0,0,NA,0,1,1,1,1,0,1,1,0,0,1,1,1,0,1,1,1,0,1,1,0,0
"865",1230,0,1,1,1,0,1,1,0,0,0,1,1,0,1,1,0,0,0,1,1,1,0,0,1,0
"866",869,1,0,1,1,1,0,1,1,0,1,0,1,0,1,1,1,1,1,1,0,1,0,1,0,1
"867",1304,1,1,1,0,0,1,1,1,0,0,0,1,0,1,0,0,1,1,1,0,0,0,1,1,0
"868",1370,0,1,0,0,0,0,1,0,0,1,0,0,1,0,0,1,1,0,1,1,0,1,0,1,1
"869",1190,1,1,1,0,0,0,0,1,0,0,1,1,1,0,0,1,1,1,1,0,1,1,0,0,0
"870",1247,0,0,NA,1,1,0,1,0,1,0,NA,0,0,0,1,0,1,1,1,1,0,0,0,1,1
"871",1558,1,0,0,0,0,1,1,1,0,1,0,1,0,0,0,0,1,1,1,1,0,0,0,0,1
"872",1339,0,1,0,1,1,0,0,1,0,1,0,1,1,1,0,1,1,1,0,0,1,0,1,0,1
"873",1214,0,0,1,0,1,0,0,0,1,0,1,1,0,0,1,0,0,0,0,0,1,0,1,1,1
"874",563,0,1,0,0,1,0,0,0,0,0,1,1,1,1,1,1,0,1,1,0,1,1,1,1,1
"875",1067,0,0,1,1,0,1,1,1,0,0,1,0,0,1,1,1,0,1,1,0,1,0,0,0,1
"876",945,0,0,1,1,1,0,0,1,1,0,1,1,0,1,1,0,0,1,1,1,0,0,1,1,0
"877",375,1,1,1,0,0,1,1,0,0,0,0,1,0,0,1,1,0,1,0,1,0,1,1,1,1
"878",1272,0,0,0,1,0,1,0,1,0,1,0,0,0,0,0,0,1,0,0,1,0,0,0,0,0
"879",1289,0,NA,1,1,0,0,1,0,1,0,0,1,1,0,1,1,0,1,1,1,1,1,1,0,1
"880",527,1,0,1,1,1,0,1,0,1,0,1,1,0,0,1,0,0,0,0,1,1,0,1,1,1
"881",1154,0,0,0,0,0,1,0,1,0,1,0,1,0,0,0,1,1,0,0,1,0,1,1,1,0
"882",1041,0,0,0,0,1,1,0,1,0,1,0,1,1,1,0,1,1,1,0,0,1,0,0,0,0
"883",443,1,1,0,0,0,0,1,0,0,0,0,1,1,0,0,0,0,0,0,0,1,0,0,1,0
"884",1566,0,1,0,0,0,0,1,1,1,1,1,0,0,0,0,0,0,1,1,1,1,0,0,1,1
"885",794,1,0,1,0,0,0,0,1,1,1,1,0,1,0,1,0,1,0,0,0,1,1,1,1,0
"886",1353,1,0,0,1,1,1,1,0,1,1,0,1,1,0,0,0,0,0,1,1,0,1,1,0,0
"887",730,0,1,0,1,1,0,1,1,0,1,1,1,1,0,0,0,1,1,0,1,1,1,0,0,0
"888",436,0,0,1,0,1,1,1,1,1,1,1,1,1,0,1,1,1,0,0,0,1,0,1,0,1
"889",20,1,1,1,0,0,0,1,0,1,1,1,0,1,0,0,1,1,0,1,0,0,0,0,1,1
"890",890,0,1,0,0,0,1,0,1,1,1,0,0,0,1,1,0,1,1,1,1,0,0,1,0,0
"891",421,1,1,1,1,1,0,0,1,1,0,0,0,1,1,0,0,0,0,0,1,1,1,1,0,0
"892",974,1,NA,0,1,0,1,1,0,1,0,0,1,0,1,0,0,1,1,0,0,0,1,1,1,0
"893",324,0,1,1,0,1,1,0,1,0,1,0,1,0,0,0,0,0,0,1,0,0,1,1,0,0
"894",928,1,1,1,0,1,1,0,0,1,0,1,0,1,1,1,1,0,1,0,1,1,0,0,1,0
"895",1561,0,1,1,1,1,1,1,0,0,1,0,0,1,1,0,0,0,1,0,0,0,1,0,0,1
"896",1546,1,0,0,1,0,1,1,1,1,1,0,1,1,0,0,1,0,0,0,0,1,1,1,1,1
"897",1021,1,1,1,0,0,1,1,1,0,0,0,0,1,0,1,1,0,0,1,0,0,0,1,1,0
"898",524,0,1,0,0,1,1,0,1,0,1,0,1,1,0,0,1,1,1,1,1,1,0,0,0,1
"899",1429,0,1,1,0,1,1,0,0,0,1,0,0,1,0,1,0,1,0,0,1,1,1,0,0,1
"900",192,1,0,0,1,1,1,0,1,0,1,1,1,0,1,1,0,1,1,1,0,1,1,1,1,0
"901",542,0,0,1,1,1,1,1,0,1,1,1,1,1,1,1,0,0,0,0,1,0,1,0,1,0
"902",785,1,1,0,1,0,1,0,1,1,0,1,0,1,0,1,1,1,0,1,0,0,0,1,0,1
"903",422,1,0,0,0,1,0,0,1,0,1,0,0,1,1,0,0,0,1,1,0,0,0,1,0,1
"904",810,0,0,0,1,0,0,1,0,0,0,1,1,0,0,0,1,0,1,0,1,0,0,1,1,0
"905",1265,0,1,NA,1,1,1,1,0,1,1,1,1,0,0,1,1,1,0,1,1,1,0,NA,1,1
"906",861,0,0,0,0,0,0,0,0,0,0,1,1,0,1,0,1,0,0,1,0,0,0,1,0,1
"907",1227,1,0,1,NA,0,1,1,1,0,1,1,0,1,0,0,0,1,0,1,1,0,0,1,1,0
"908",33,1,0,0,1,0,0,0,1,0,0,0,0,1,0,1,1,1,1,1,1,0,1,0,0,1
"909",15,1,1,1,1,0,1,1,1,0,0,0,1,0,1,1,0,0,0,1,0,1,1,NA,1,1
"910",1441,0,0,1,1,0,1,1,1,0,1,1,0,0,0,1,0,0,1,0,0,0,1,0,1,0
"911",1345,1,1,0,0,1,0,0,1,1,0,1,0,0,1,0,1,0,0,1,1,0,1,0,0,0
"912",204,0,0,1,1,1,0,0,1,1,0,1,0,1,0,0,1,0,1,1,0,0,1,1,0,0
"913",738,1,0,0,0,0,1,0,0,1,1,0,0,1,0,1,1,0,1,1,0,0,0,1,1,0
"914",1296,0,1,0,1,0,0,0,0,1,1,1,0,0,0,0,1,0,0,1,1,1,1,0,0,1
"915",350,1,0,1,0,1,0,1,0,1,1,1,1,1,0,1,0,1,1,1,0,1,0,0,0,1
"916",440,1,0,1,0,1,1,0,1,1,1,0,0,1,1,1,1,1,0,0,1,0,0,0,1,1
"917",766,1,0,0,1,0,1,1,1,0,0,0,1,0,0,1,1,0,1,0,1,1,0,1,0,0
"918",1408,1,1,1,1,1,1,0,1,1,0,1,0,0,1,1,1,1,1,1,0,1,0,1,0,1
"919",479,1,0,0,0,0,0,0,1,0,1,1,0,0,0,1,1,1,1,1,0,1,1,NA,0,0
"920",510,1,0,1,0,1,0,1,1,1,0,0,0,0,0,0,1,0,0,1,1,0,1,1,0,0
"921",872,0,1,1,0,0,0,1,0,0,0,0,1,0,0,1,1,1,1,0,1,1,0,0,0,0
"922",508,1,1,1,0,0,0,0,0,0,1,0,1,0,1,1,1,1,0,0,0,0,1,0,0,1
"923",108,1,0,1,1,1,1,1,1,1,0,1,0,0,1,0,0,1,1,1,0,1,1,0,0,0
"924",1333,0,0,1,1,0,1,0,1,1,1,1,1,1,0,1,0,1,0,1,1,1,0,0,0,1
"925",1233,0,0,0,1,0,1,0,0,1,0,1,0,0,1,0,1,1,0,0,0,0,0,1,1,1
"926",881,1,0,1,0,0,1,1,1,1,0,0,0,1,0,0,1,NA,0,0,1,1,0,0,0,1
"927",978,0,0,NA,0,0,1,1,0,0,0,1,1,1,0,1,1,0,1,0,1,1,0,0,1,0
"928",839,1,1,0,1,1,0,1,1,0,0,1,0,1,0,1,1,1,0,0,0,1,1,1,1,1
"929",1072,1,1,0,1,1,1,0,0,0,0,0,1,0,0,1,0,1,1,1,1,0,0,0,0,0
"930",63,1,0,1,0,0,0,0,0,1,1,0,1,1,1,1,1,0,0,0,0,0,0,0,1,0
"931",1261,0,0,1,1,1,0,0,0,1,1,0,0,1,1,1,1,1,0,0,0,0,1,0,0,0
"932",544,1,1,0,0,0,1,0,1,0,0,1,0,1,0,0,0,0,1,0,1,1,0,0,1,0
"933",714,1,0,1,0,0,1,1,0,0,1,0,0,0,1,1,1,0,1,0,0,NA,1,1,1,1
"934",975,0,1,1,0,1,1,0,1,1,1,1,1,0,1,1,0,NA,1,1,0,1,1,1,0,1
"935",373,NA,0,0,1,0,0,1,1,0,1,0,0,0,0,1,1,0,0,1,1,1,0,NA,1,0
"936",1439,0,1,NA,0,0,0,0,1,1,1,0,0,0,1,1,1,0,1,0,1,1,0,0,1,0
"937",528,1,1,1,1,0,1,0,0,1,0,0,0,0,1,0,0,0,1,1,1,1,1,0,0,0
"938",1435,1,1,0,0,1,1,1,0,0,0,0,1,1,1,1,0,0,0,0,1,1,0,0,0,1
"939",1171,1,1,1,0,1,1,1,0,1,1,NA,1,0,1,1,1,0,1,1,1,1,1,1,1,0
"940",400,0,1,0,1,0,0,0,0,0,0,1,1,0,0,0,0,1,0,1,0,1,1,1,1,1
"941",1040,0,1,0,0,1,1,1,0,1,1,0,1,0,0,0,0,1,0,1,1,1,0,0,0,0
"942",414,1,0,0,1,1,1,0,1,0,0,0,1,1,1,0,0,0,1,0,1,1,0,0,0,0
"943",1329,1,1,1,1,1,1,1,0,0,1,0,1,0,1,1,1,1,1,1,0,0,0,0,1,1
"944",805,0,0,1,1,0,0,0,0,0,1,0,1,1,0,0,0,1,0,1,1,0,0,1,1,1
"945",453,0,0,1,0,1,0,0,1,1,0,1,1,0,1,1,1,0,1,0,1,1,0,1,1,0
"946",1274,0,1,1,1,1,1,1,1,0,0,1,0,1,1,0,1,0,0,1,1,0,1,1,1,1
"947",864,0,1,1,1,0,0,0,1,1,1,1,1,1,0,0,1,1,1,1,0,0,0,1,1,1
"948",1379,0,0,1,0,0,1,0,0,0,0,1,0,1,0,1,0,0,1,0,1,1,1,0,0,0
"949",1512,0,0,1,0,1,0,0,1,1,1,0,0,0,1,0,1,0,0,1,0,1,0,1,1,1
"950",246,0,1,1,1,1,1,1,0,1,1,0,1,1,1,0,0,1,1,1,1,1,1,0,0,1
"951",882,0,0,0,1,0,0,1,1,1,1,1,0,0,0,0,0,1,1,1,1,0,1,0,0,0
"952",648,1,1,1,1,1,1,0,1,0,1,1,1,1,0,0,0,1,1,0,1,0,0,1,1,1
"953",1267,0,1,0,1,1,0,0,1,1,0,1,0,0,0,0,1,0,1,0,1,0,1,0,0,0
"954",392,0,0,0,0,0,0,1,0,1,1,0,0,0,1,0,1,1,0,1,0,0,0,1,0,0
"955",162,0,1,0,1,1,1,0,0,1,0,0,0,1,0,1,0,1,1,0,0,0,0,0,0,0
"956",956,0,1,0,1,0,1,0,0,1,0,1,0,0,1,0,0,0,0,0,1,1,1,0,1,1
"957",338,0,1,0,0,1,1,0,0,1,0,0,0,1,1,0,0,1,0,0,0,0,1,1,1,1
"958",369,0,0,0,1,1,1,1,1,0,0,0,1,1,1,0,0,1,0,0,1,1,0,0,1,0
"959",1207,0,1,0,0,1,1,0,0,1,1,0,1,0,1,1,0,1,0,0,0,1,0,0,1,0
"960",531,1,0,1,0,1,1,1,0,0,0,0,1,1,0,0,0,1,1,1,1,1,1,0,1,0
"961",1349,1,1,0,1,1,1,0,1,0,0,0,0,0,0,0,1,0,1,1,0,0,1,1,0,1
"962",829,1,0,0,0,0,0,0,1,0,0,0,NA,0,0,1,0,0,1,0,0,0,1,1,1,0
"963",213,0,0,0,1,1,1,1,0,1,1,1,NA,0,0,0,0,1,0,1,0,0,1,1,0,0
"964",1548,1,1,1,1,1,1,0,1,0,0,1,1,0,1,1,1,1,1,0,0,0,1,0,0,0
"965",1443,1,1,0,1,1,1,1,0,0,1,0,0,0,1,0,0,0,1,1,0,1,0,1,1,1
"966",1162,0,0,0,0,1,0,1,0,1,0,1,1,1,1,0,0,0,1,0,1,1,0,1,0,1
"967",1387,1,0,1,1,0,0,0,1,0,1,1,1,1,0,1,0,0,0,0,0,0,1,1,1,1
"968",814,0,1,0,1,1,1,0,0,1,1,0,0,0,0,1,1,0,1,0,1,1,1,0,1,1
"969",884,1,1,1,1,1,0,0,1,1,0,1,1,0,1,1,0,1,1,0,0,0,1,0,1,1
"970",445,0,0,0,1,0,0,0,1,0,1,0,0,0,0,0,1,0,1,0,0,NA,0,0,1,1
"971",1115,0,0,1,0,0,1,0,0,1,1,1,1,0,0,1,0,0,0,1,1,0,0,0,1,1
"972",152,0,0,0,1,0,1,1,0,1,1,0,1,0,1,0,1,0,1,0,1,1,0,1,1,0
"973",1497,1,1,1,0,0,1,0,0,0,0,1,1,1,1,0,1,0,1,0,0,1,0,0,0,0
"974",258,0,0,0,0,0,1,1,0,0,0,0,0,0,0,0,1,0,0,1,0,0,0,1,0,0
"975",454,1,1,0,0,0,0,0,1,1,1,0,1,1,1,1,0,0,1,1,1,0,1,1,0,1
"976",416,0,0,0,1,1,0,0,0,1,0,0,0,0,0,1,0,NA,1,0,1,0,1,0,0,1
"977",79,1,1,1,0,0,0,0,0,0,1,1,0,1,0,1,0,1,1,1,0,0,0,0,1,1
"978",1328,0,NA,1,0,1,1,0,0,0,0,0,0,0,1,0,1,1,0,1,0,0,0,1,1,1
"979",1009,1,0,0,1,0,1,0,1,0,0,0,1,0,0,0,0,1,1,1,1,0,1,0,0,1
"980",700,0,0,0,0,1,1,0,0,0,0,0,0,1,0,0,0,0,0,0,0,1,0,0,0,0
"981",676,0,0,0,1,1,0,1,0,0,1,0,1,0,0,1,0,0,1,1,0,0,0,0,1,1
"982",459,1,NA,0,1,0,1,1,0,1,1,1,1,1,0,1,0,0,1,0,1,0,0,0,1,0
"983",285,0,0,0,1,0,0,1,0,0,0,0,1,0,0,1,1,0,0,1,0,0,1,0,0,1
"984",870,0,1,0,1,0,0,0,0,0,0,0,1,0,1,0,1,0,1,1,1,0,0,0,1,0
"985",554,0,NA,1,1,0,0,1,1,1,0,0,1,1,0,0,0,0,1,0,1,0,0,1,1,1
"986",36,1,0,0,1,1,1,0,1,1,1,0,0,0,1,0,0,NA,0,1,0,1,0,1,1,0
"987",593,0,0,1,1,0,1,1,1,1,1,1,1,0,0,1,0,1,1,1,0,0,1,0,1,0
"988",1438,0,1,1,0,1,1,1,1,1,0,1,0,1,0,0,0,1,0,1,1,0,0,1,1,1
"989",492,0,1,0,1,0,1,0,1,0,1,1,0,0,1,0,0,0,0,0,1,0,0,0,1,1
"990",1308,0,1,0,0,0,1,0,0,0,0,1,0,0,0,0,0,1,1,1,0,1,1,1,1,0
"991",355,1,1,1,1,0,0,0,1,0,0,1,1,1,0,1,1,0,0,1,1,1,0,0,0,0
"992",896,1,0,1,0,1,1,1,0,0,1,1,0,1,0,1,0,1,0,1,0,1,0,1,1,0
"993",602,1,1,0,0,0,0,1,1,1,1,0,1,1,1,1,0,1,1,1,1,1,0,0,0,0
"994",1140,0,1,1,0,0,1,1,0,1,1,1,1,1,0,1,0,0,1,0,1,NA,0,0,0,1
"995",286,1,1,0,0,0,0,1,1,1,1,1,1,1,0,0,0,0,0,1,1,0,1,1,0,1
"996",1521,0,1,0,0,1,1,1,0,0,0,1,1,1,1,0,1,0,0,0,0,1,0,1,0,0
"997",1058,1,0,0,0,0,0,1,1,0,1,0,1,0,0,0,1,0,1,0,1,1,0,1,1,0
"998",764,0,0,0,1,1,1,0,1,0,1,1,1,0,1,1,1,0,1,1,0,1,1,1,1,1
"999",1275,1,1,0,1,0,0,0,0,1,1,0,NA,0,1,0,1,1,1,0,1,0,1,1,1,0
"1000",642,1,0,0,1,0,0,0,0,0,0,NA,0,0,0,1,1,0,0,0,1,1,0,1,1,1
"1001",1454,0,1,1,0,0,0,0,0,1,0,1,0,1,0,1,0,0,1,0,1,1,1,1,0,0
"1002",47,0,0,1,0,1,0,0,0,1,0,0,0,1,0,0,0,1,0,1,1,1,0,1,0,0
"1003",1030,1,0,1,0,0,0,0,0,1,0,1,0,0,0,1,0,1,0,0,0,1,1,1,1,NA
"1004",631,1,0,1,0,0,0,0,0,1,0,0,0,0,1,1,1,1,0,0,0,0,0,0,0,0
"1005",1364,1,NA,0,1,1,0,1,1,0,1,0,1,1,1,0,0,1,1,1,1,1,0,1,0,0
"1006",526,1,0,1,0,1,1,1,1,1,0,1,1,1,0,1,1,1,1,1,1,0,1,0,0,0
"1007",228,1,1,0,1,1,1,1,1,0,1,1,1,1,1,1,1,1,0,1,1,0,1,1,1,1
"1008",289,NA,1,0,1,0,0,1,0,0,1,1,0,0,1,0,1,0,1,1,0,0,0,0,0,0
"1009",69,1,0,0,0,1,0,0,0,1,0,0,0,0,0,0,1,NA,0,0,1,0,0,1,0,1
"1010",1445,1,1,0,0,1,1,0,0,0,0,0,0,1,1,1,0,0,0,0,1,1,1,1,1,0
"1011",385,0,0,1,1,0,0,0,0,0,1,0,1,1,0,0,1,0,1,0,0,0,1,0,1,1
"1012",409,1,1,1,0,1,0,0,0,1,0,0,NA,1,0,0,0,0,0,1,0,1,0,0,0,0
"1013",1437,1,1,0,0,1,0,0,1,1,1,1,1,0,0,1,0,1,0,0,1,1,1,0,0,0
"1014",705,0,0,1,0,1,1,1,0,1,1,1,1,0,1,0,1,0,0,0,0,0,1,0,1,0
"1015",931,0,1,1,1,0,1,0,1,1,1,0,0,1,0,0,0,1,1,1,0,0,0,1,1,1
"1016",255,1,1,0,0,0,1,0,1,0,1,1,0,1,1,1,1,NA,1,0,0,1,1,1,0,1
"1017",211,0,0,0,1,1,0,0,1,0,0,1,1,0,0,1,0,1,1,0,1,0,1,1,0,0
"1018",1134,0,1,0,1,1,1,0,0,1,1,0,1,0,0,0,1,1,1,0,1,1,1,0,0,0
"1019",733,0,1,0,0,0,1,1,0,0,1,0,1,0,0,1,1,0,0,0,0,1,0,1,0,1
"1020",664,1,1,0,1,0,1,0,1,0,0,0,1,1,1,1,1,1,0,1,0,0,1,0,0,0
"1021",511,0,1,1,0,1,1,0,0,1,0,1,0,0,1,1,0,1,0,1,0,0,0,0,0,1
"1022",404,1,1,1,1,0,0,0,1,0,1,1,0,1,0,1,0,0,0,0,1,1,1,1,0,0
"1023",930,0,0,0,0,0,1,0,1,0,1,0,0,0,1,0,1,0,0,1,1,0,1,1,1,1
"1024",1059,0,0,0,0,0,0,0,0,0,1,1,0,0,1,1,1,1,1,0,1,1,0,1,0,0
"1025",626,1,0,0,1,1,1,1,1,1,0,0,1,0,1,1,0,0,1,0,0,0,0,0,1,0
"1026",1458,1,1,0,1,1,1,0,1,1,1,1,0,1,1,0,0,1,0,0,1,1,1,0,1,1
"1027",790,1,1,0,0,1,1,0,0,1,1,0,1,1,1,1,0,1,1,0,0,0,0,0,1,1
"1028",265,1,0,1,0,1,1,0,0,1,0,1,0,1,0,0,1,1,1,0,0,1,0,0,1,1
"1029",1476,0,1,1,1,0,1,1,0,0,1,0,0,0,0,0,0,1,0,1,1,NA,0,1,0,0
"1030",740,0,0,1,0,0,0,1,0,0,1,0,0,0,0,1,1,0,0,1,0,0,0,0,0,0
"1031",536,1,1,0,0,1,1,0,1,0,0,1,1,1,1,1,0,1,0,0,0,0,1,1,0,0
"1032",1388,0,0,0,0,0,0,0,1,1,1,1,1,0,0,1,0,1,0,1,0,0,1,1,0,1
"1033",1158,1,0,1,0,1,0,1,1,0,0,0,0,1,1,0,1,0,0,1,1,0,1,0,1,1
"1034",434,1,1,1,1,1,1,0,0,0,1,0,0,1,0,0,1,1,0,0,0,0,1,1,0,1
"1035",788,1,0,1,0,1,1,1,1,0,1,0,1,0,1,1,1,0,1,0,0,1,1,0,0,0
"1036",1381,0,0,1,1,1,1,0,0,0,0,1,0,1,0,1,1,1,0,1,0,1,1,1,1,0
"1037",137,0,1,0,0,0,0,0,1,1,1,1,1,0,1,1,0,0,1,1,1,1,0,1,0,0
"1038",389,1,0,0,1,0,0,1,1,0,1,1,0,1,0,1,0,0,0,0,0,0,1,0,0,0
"1039",649,0,0,0,0,0,0,0,0,0,0,1,0,1,0,0,1,1,0,1,1,0,1,1,0,1
"1040",1119,1,1,0,1,1,0,1,0,0,1,1,1,1,1,0,1,1,0,1,0,1,1,1,0,1
"1041",644,1,1,1,1,1,1,1,0,0,1,1,0,1,1,0,0,0,1,1,1,0,1,0,0,0
"1042",1303,0,0,0,1,0,1,0,0,1,0,0,0,0,0,1,0,1,1,1,0,1,1,1,0,1
"1043",592,0,1,1,1,1,0,0,0,0,1,1,1,1,1,1,1,1,1,1,0,1,1,0,0,1
"1044",1395,1,1,0,0,0,1,1,0,1,1,0,0,0,1,0,1,0,1,1,0,0,0,1,1,0
"1045",562,1,0,1,1,1,1,1,0,1,0,0,1,1,1,0,0,1,0,1,0,1,0,0,0,0
"1046",253,0,0,1,0,0,0,0,0,1,0,0,1,0,1,0,0,1,1,1,1,0,0,0,1,1
"1047",769,1,0,1,0,0,1,1,1,0,1,0,0,1,0,1,0,1,0,0,1,0,0,1,1,0
"1048",1085,1,1,1,0,1,0,1,0,1,1,0,0,0,0,1,1,1,1,1,0,0,1,1,1,1
"1049",804,1,1,0,0,1,1,0,0,1,1,0,0,1,1,0,0,1,0,0,0,1,0,0,0,0
"1050",172,1,1,1,0,0,0,0,1,1,1,1,0,1,0,0,0,1,1,0,0,1,1,1,1,1
"1051",1097,0,0,0,0,0,0,0,0,1,0,NA,1,0,0,0,0,1,1,1,0,0,1,1,0,0
"1052",1380,0,1,0,0,1,1,1,0,1,0,1,1,0,0,1,0,0,1,0,0,1,1,1,0,0
"1053",1282,0,1,1,1,0,1,0,1,0,0,1,1,1,0,0,1,0,0,1,0,1,1,0,0,1
"1054",13,1,1,1,1,0,1,0,0,1,1,1,1,1,1,0,1,0,0,1,0,0,0,1,1,1
"1055",154,0,0,1,0,1,0,1,0,1,0,1,1,1,1,0,1,0,0,1,1,1,1,0,0,0
"1056",745,1,0,1,1,1,1,1,1,1,0,1,0,1,1,0,1,1,0,0,1,1,0,1,0,1
"1057",418,0,0,0,1,0,0,1,1,1,0,1,0,0,0,0,1,1,0,1,0,1,0,1,1,0
"1058",241,1,0,0,0,1,0,1,0,0,0,0,1,0,1,0,1,0,0,0,0,0,0,1,0,1
"1059",1293,0,0,0,1,0,1,1,1,0,1,1,0,0,1,1,0,1,1,1,1,0,1,1,1,0
"1060",823,1,1,1,0,0,0,0,1,1,0,1,1,0,1,1,1,1,1,1,0,1,0,0,1,1
"1061",1095,1,0,1,0,1,1,1,0,1,0,1,0,0,1,0,1,0,1,1,0,0,0,1,0,1
"1062",208,0,1,1,NA,0,1,1,1,1,1,0,0,1,1,1,0,1,1,1,0,0,0,0,0,0
"1063",1151,1,0,1,1,0,1,0,0,0,0,0,1,0,0,1,1,0,0,1,0,1,1,1,0,0
"1064",1251,1,0,1,0,1,0,0,1,1,1,0,1,1,0,1,0,0,0,0,0,0,1,0,0,1
"1065",1483,1,1,NA,1,1,0,1,1,1,1,0,0,1,0,1,0,0,0,0,0,0,1,0,1,0
"1066",1401,1,1,1,0,0,0,1,0,1,1,0,0,0,0,0,0,1,0,0,0,1,0,0,1,1
"1067",1537,1,0,1,1,0,0,1,1,1,0,1,1,0,0,0,0,0,0,0,0,0,1,0,1,0
"1068",1550,1,1,0,0,0,0,0,0,1,0,0,1,0,1,0,1,0,0,0,0,0,1,0,1,1
"1069",217,0,0,1,1,1,0,0,1,0,0,0,0,1,1,1,0,1,1,0,0,0,0,0,0,1
"1070",207,0,0,1,0,1,1,0,1,0,1,0,1,1,1,0,1,0,0,0,0,1,0,1,0,0
"1071",64,0,0,1,NA,1,1,0,0,0,0,0,1,0,0,0,1,0,1,0,1,0,1,1,0,1
"1072",984,0,0,0,0,1,1,1,1,1,1,0,0,0,0,0,0,0,0,1,1,0,0,0,0,0
"1073",143,0,0,0,0,1,1,1,1,1,0,0,0,1,0,1,1,0,0,1,1,0,1,0,0,1
"1074",1024,0,0,1,0,0,0,0,1,1,0,0,1,1,0,1,0,1,1,0,0,1,1,0,0,1
"1075",187,1,0,1,0,0,0,0,1,0,0,1,0,0,0,1,0,1,0,1,0,1,0,0,1,0
"1076",889,1,1,1,0,0,0,1,0,0,0,1,0,0,1,0,1,1,1,1,0,1,1,1,1,1
"1077",607,0,0,1,0,1,0,1,1,0,0,0,0,1,1,0,1,0,0,0,0,1,1,0,0,1
"1078",1504,0,0,0,1,0,0,0,0,1,1,0,1,0,0,1,0,0,0,0,1,0,1,0,0,1
"1079",308,0,0,1,1,0,1,0,0,1,1,0,0,0,1,1,1,0,0,0,1,1,0,0,0,1
"1080",1365,1,0,1,0,0,1,1,1,1,1,0,1,1,1,1,0,NA,0,0,1,NA,1,0,1,0
"1081",668,0,1,0,NA,0,1,0,0,0,0,1,0,1,1,1,0,0,0,1,0,0,0,1,0,0
"1082",177,1,1,1,0,0,0,0,0,1,0,1,0,0,0,0,1,0,1,1,0,1,0,1,0,1
"1083",1400,0,1,1,1,1,1,1,1,1,1,0,1,1,0,1,0,0,0,1,0,0,0,1,0,1
"1084",723,1,1,0,1,1,0,1,1,0,1,1,1,0,0,0,0,1,0,0,1,0,1,1,1,0
"1085",1264,NA,1,0,1,0,0,0,1,0,1,0,1,1,0,0,1,1,1,1,1,0,0,1,0,1
"1086",55,1,0,0,1,1,1,0,0,0,1,0,1,1,0,0,0,1,0,1,1,1,1,0,0,0
"1087",1014,0,1,1,1,0,1,1,1,1,1,0,0,0,1,0,1,0,0,1,1,0,0,1,1,1
"1088",1238,1,1,1,1,1,1,0,1,1,0,1,1,0,1,1,0,0,0,1,1,0,1,0,0,1
"1089",1434,1,1,0,1,1,1,1,1,0,1,1,1,1,0,0,1,0,1,0,0,0,0,0,1,1
"1090",1460,0,1,1,1,1,0,1,1,1,1,1,1,0,1,0,0,1,1,1,1,1,1,0,0,1
"1091",923,0,1,0,0,1,1,1,1,1,0,0,0,0,0,1,0,1,1,0,1,1,1,1,0,1
"1092",302,0,0,1,1,1,1,0,0,1,1,1,1,1,0,1,1,0,1,1,0,0,0,0,0,1
"1093",250,1,0,0,0,0,0,0,1,1,0,0,1,1,0,1,0,1,1,0,0,1,0,0,0,1
"1094",1027,0,1,1,1,0,0,0,1,0,0,1,0,0,1,0,0,0,1,0,1,0,0,0,0,1
"1095",1260,1,1,0,NA,0,1,1,0,0,1,1,0,1,0,1,0,1,1,0,1,0,0,1,0,0
"1096",1457,1,1,1,1,1,0,0,1,0,1,1,0,1,1,1,1,0,1,1,0,1,1,0,1,0
"1097",383,0,0,1,1,0,1,0,0,1,1,1,0,1,1,0,0,1,0,0,0,0,1,0,1,0
"1098",557,1,1,0,1,1,1,0,1,1,1,1,0,1,0,0,0,0,1,0,0,1,0,0,0,1
"1099",616,1,0,1,1,0,1,1,0,1,1,0,1,0,1,0,1,0,1,1,1,0,0,NA,0,0
"1100",916,1,0,1,1,0,0,0,0,0,1,0,1,0,0,0,0,0,0,0,1,1,0,0,1,1
"1101",646,0,0,1,NA,1,1,0,0,0,1,0,0,1,0,1,1,1,1,0,1,0,1,0,0,1
"1102",1203,1,0,1,0,1,1,1,0,1,0,0,0,0,0,0,0,1,1,1,0,0,0,1,0,0
"1103",1089,1,1,0,0,1,1,1,1,1,1,1,0,0,0,0,0,0,0,0,1,0,0,0,1,NA
"1104",1,1,1,0,1,0,0,0,1,1,0,1,1,0,1,1,0,0,0,0,1,1,0,1,1,1
"1105",1374,1,1,0,0,0,0,0,0,0,1,0,1,1,1,1,0,1,1,0,0,1,0,0,1,0
"1106",1567,1,0,0,0,0,0,0,1,0,1,0,0,1,1,1,1,0,1,1,1,1,1,0,1,0
"1107",1491,1,0,NA,0,0,1,0,0,1,0,1,1,1,1,0,0,0,0,0,1,0,0,0,1,1
"1108",21,1,1,1,1,1,0,1,1,0,1,1,1,0,0,1,0,0,0,0,1,1,0,0,0,1
"1109",4,1,0,0,1,0,0,1,1,1,1,1,1,0,1,1,1,1,1,1,0,1,0,1,1,0
"1110",762,1,1,0,1,0,0,1,1,1,1,0,0,0,1,1,1,1,1,1,1,NA,0,0,1,1
"1111",901,1,0,0,0,1,0,1,1,0,0,0,0,1,1,0,1,0,0,0,1,1,0,1,1,1
"1112",682,0,0,1,0,0,1,1,1,1,1,1,1,1,0,0,0,0,0,0,0,0,0,1,0,0
"1113",11,0,1,0,0,1,0,0,1,1,1,1,1,0,0,1,1,1,1,1,0,1,1,0,1,0
"1114",747,0,0,0,1,0,0,0,0,0,1,0,1,0,0,1,0,0,1,1,1,0,1,0,1,1
"1115",281,0,1,0,0,0,0,0,1,1,0,1,0,1,1,0,0,1,1,0,0,0,1,0,0,0
"1116",973,0,0,1,0,0,1,1,0,0,1,0,1,1,0,1,1,0,0,1,1,0,0,1,1,0
"1117",556,1,0,0,0,0,1,1,1,0,0,1,1,0,0,0,0,1,0,1,1,0,1,0,0,1
"1118",933,0,0,0,0,1,1,1,0,0,1,0,0,0,0,1,0,0,0,0,0,1,0,1,0,0
"1119",10,1,0,0,0,0,0,0,1,0,1,NA,1,1,1,1,1,1,0,0,1,1,1,0,1,0
"1120",320,0,1,0,0,1,0,1,1,1,1,0,0,0,1,0,0,1,1,0,1,1,0,0,0,0
"1121",157,0,0,1,0,1,1,1,1,0,1,0,0,1,0,0,1,0,0,1,0,1,1,1,1,0
"1122",907,0,0,0,1,1,1,0,1,0,0,0,1,1,1,1,1,0,0,0,1,1,1,1,1,1
"1123",128,0,0,1,1,1,0,1,0,0,0,0,0,1,1,1,1,1,1,0,0,0,1,1,0,0
"1124",741,0,1,1,0,1,0,0,0,0,1,0,0,1,0,0,0,0,0,0,1,0,0,1,0,1
"1125",1086,0,1,1,0,1,1,0,1,0,0,1,1,0,1,1,1,1,1,1,1,1,0,0,1,1
"1126",1102,0,1,0,0,1,0,1,1,0,1,NA,0,0,0,0,1,0,1,0,0,1,0,1,0,0
"1127",359,0,0,0,1,0,0,0,1,0,1,0,0,1,0,0,0,0,1,0,1,0,1,1,1,1
"1128",1522,1,0,1,0,0,1,0,1,0,0,1,1,0,0,0,0,0,1,1,1,1,1,0,1,0
"1129",863,1,0,0,0,0,1,1,1,0,1,1,0,1,1,0,1,0,0,0,1,1,1,1,0,1
"1130",980,1,0,0,1,0,1,1,0,0,1,0,1,1,0,0,1,1,0,0,1,0,1,1,0,0
"1131",1279,0,0,0,0,1,1,0,0,0,1,0,1,0,0,1,1,1,1,1,1,1,0,1,0,1
"1132",1287,1,0,0,1,1,0,0,1,0,1,0,1,0,0,0,1,0,1,1,1,1,1,1,0,0
"1133",578,0,1,1,0,0,1,1,1,1,1,0,1,0,0,0,1,0,0,1,1,0,1,1,0,0
"1134",832,1,1,0,1,0,1,0,0,1,1,0,1,1,1,0,1,0,0,1,0,0,1,0,0,0
"1135",113,0,1,1,1,0,1,0,1,0,0,0,0,1,1,1,0,0,1,0,1,1,1,0,1,1
"1136",957,0,1,1,0,0,1,1,1,1,0,0,0,1,0,0,0,0,1,1,0,1,1,0,0,0
"1137",757,1,0,0,1,0,0,1,1,1,1,0,1,1,0,0,1,0,1,0,0,1,0,NA,1,0
"1138",193,1,1,NA,NA,0,0,0,1,0,0,0,0,0,1,0,1,0,0,0,0,0,1,1,1,1
"1139",370,0,0,0,1,1,1,0,1,0,0,1,0,1,1,1,0,1,1,0,1,0,1,0,1,0
"1140",1266,0,1,1,0,1,0,0,0,0,0,0,1,1,1,0,1,1,1,1,0,1,0,1,1,0
"1141",1062,0,1,1,0,0,0,0,1,1,1,0,0,0,0,0,0,0,1,0,1,1,0,0,0,0
"1142",205,0,1,0,0,1,1,1,0,1,1,1,1,0,0,1,1,0,0,0,0,1,0,0,0,1
"1143",28,1,0,1,1,0,1,1,0,0,1,1,0,1,0,0,0,0,0,1,0,1,0,1,1,1
"1144",965,1,1,1,1,0,1,0,0,1,0,1,0,0,1,0,1,0,1,1,0,0,1,1,1,0
"1145",149,0,1,0,1,1,1,1,0,1,0,1,1,0,1,1,0,0,1,0,1,1,1,1,0,1
"1146",792,1,1,1,0,0,1,1,0,0,0,0,1,0,0,0,0,0,0,1,1,0,1,1,1,1
"1147",898,1,0,0,0,0,1,0,1,1,0,0,1,1,1,0,1,NA,1,0,0,1,1,0,1,1
"1148",382,1,0,1,1,0,0,0,1,1,1,1,1,1,0,1,0,0,0,0,1,1,1,1,1,1
"1149",48,0,1,0,1,1,1,1,1,1,1,0,0,0,0,1,0,0,0,1,0,0,1,0,1,1
"1150",105,1,1,0,0,0,0,1,1,0,1,1,0,0,0,0,1,1,1,1,1,1,0,1,0,0
"1151",337,1,1,1,0,1,0,1,0,0,0,1,1,1,0,1,1,0,1,1,1,1,0,1,1,1
"1152",782,1,1,1,0,0,0,1,0,1,1,1,NA,0,0,1,0,0,1,1,0,0,0,0,1,0
"1153",1183,1,1,1,1,0,0,1,1,0,1,1,0,0,1,1,1,0,0,0,0,1,1,1,1,1
"1154",1501,1,1,0,0,1,1,0,1,1,0,0,1,1,0,1,1,1,0,0,1,1,0,1,1,0
"1155",850,0,1,0,0,1,1,0,1,0,1,1,0,0,1,1,0,0,0,1,0,0,1,1,0,0
"1156",1354,0,0,0,0,1,1,0,1,1,1,NA,0,0,1,0,0,0,0,0,0,1,1,0,0,0
"1157",704,0,1,1,0,0,0,1,0,0,1,0,0,0,0,1,1,0,0,0,0,1,1,1,1,0
"1158",1124,1,1,0,0,1,1,0,0,1,1,1,1,0,1,0,0,0,1,0,1,1,0,1,1,0
"1159",548,1,1,0,1,0,1,1,0,1,1,0,1,1,0,1,0,0,1,1,0,0,0,0,0,0
"1160",1256,1,0,0,1,1,0,0,0,1,0,1,0,1,0,1,1,0,0,0,0,0,0,0,1,1
"1161",116,0,1,1,1,1,0,0,1,0,1,0,0,1,1,1,1,0,1,0,1,1,0,1,1,0
"1162",1523,0,1,1,0,0,1,0,0,0,0,0,0,0,1,1,1,1,0,0,0,1,0,1,0,0
"1163",345,1,0,1,0,1,1,0,0,1,1,1,1,1,0,1,1,0,1,1,0,0,0,1,0,0
"1164",1394,0,0,1,1,1,1,1,0,1,0,NA,0,1,0,0,1,1,0,1,1,1,1,1,1,1
"1165",87,0,0,0,1,0,0,1,0,1,0,0,0,0,1,0,1,1,0,1,0,0,0,0,1,1
"1166",1112,0,0,0,0,0,0,1,1,0,1,1,0,1,0,0,0,0,0,0,1,1,1,0,0,0
"1167",579,1,1,0,0,0,1,1,0,0,1,0,1,1,0,1,0,0,0,0,0,1,1,0,0,0
"1168",1331,1,0,1,0,0,0,0,1,0,0,0,1,0,1,0,1,0,1,0,1,1,1,1,1,0
"1169",970,1,0,0,0,0,0,0,0,0,1,1,0,1,1,1,1,1,1,1,1,1,1,1,0,1
"1170",1005,0,0,0,0,1,0,1,1,0,0,0,1,0,1,1,0,1,1,0,1,0,0,0,1,1
"1171",360,1,0,0,1,0,0,1,0,1,0,1,0,0,0,1,1,1,1,0,0,1,0,0,1,0
"1172",51,0,1,1,1,0,0,0,0,1,1,0,1,0,0,0,0,1,0,1,0,0,0,1,0,0
"1173",261,0,1,0,1,1,0,1,1,1,1,1,0,0,1,0,0,0,1,1,1,0,1,0,0,1
"1174",943,0,NA,0,0,1,0,0,0,1,1,0,0,1,0,1,1,1,1,1,1,1,0,0,1,0
"1175",1098,0,1,1,0,0,1,0,1,1,0,1,1,0,0,1,0,0,0,0,0,0,1,1,1,1
"1176",779,0,1,1,0,0,1,1,1,1,1,1,1,1,1,0,0,1,1,1,1,1,1,1,0,0
"1177",867,0,1,0,1,0,1,1,1,0,1,1,1,1,1,1,1,0,0,1,0,1,0,0,0,NA
"1178",871,0,0,1,0,0,1,1,0,1,1,0,0,1,1,1,0,1,0,1,1,0,1,1,0,1
"1179",1344,0,1,1,0,1,1,1,0,0,0,1,1,1,0,0,0,0,0,1,0,1,0,1,0,0
"1180",292,0,1,0,0,1,0,0,1,1,1,0,0,1,1,1,0,1,0,1,1,1,1,0,0,1
"1181",257,0,0,0,1,0,0,1,0,1,0,0,1,1,1,0,0,1,1,1,0,0,1,0,0,0
"1182",18,0,0,0,1,0,1,0,1,1,0,1,1,1,1,1,1,0,0,1,0,0,0,0,1,0
"1183",439,1,1,1,0,0,0,1,1,0,1,1,1,1,0,1,0,1,0,0,1,0,1,1,0,1
"1184",1015,1,1,1,0,0,0,0,0,1,0,1,0,1,0,0,0,0,1,1,1,0,0,1,0,1
"1185",484,1,0,1,1,0,1,0,0,1,0,0,1,0,0,1,0,1,1,1,1,1,0,1,0,1
"1186",719,0,0,0,0,0,1,1,0,1,1,1,1,0,0,1,0,1,1,0,0,0,1,0,1,0
"1187",275,0,1,NA,1,1,0,1,1,1,0,0,1,1,1,0,0,0,1,0,1,1,1,0,1,1
"1188",3,0,0,0,0,1,0,1,0,0,1,0,1,1,0,0,0,1,1,1,1,1,0,0,0,1
"1189",806,1,1,1,0,1,0,0,1,1,0,1,1,0,0,1,0,0,0,1,1,0,1,0,0,1
"1190",1426,1,1,0,0,1,0,0,0,0,0,0,0,0,0,1,1,1,0,1,0,0,0,1,1,1
"1191",1422,0,0,1,0,1,0,0,1,1,0,0,1,1,1,0,1,1,0,0,0,1,1,0,0,0
"1192",52,0,0,0,0,1,0,0,1,0,1,0,0,0,1,1,0,1,0,1,0,0,1,1,0,1
"1193",173,1,1,1,1,1,0,0,0,0,1,0,0,1,0,1,1,1,0,1,1,0,1,1,1,1
"1194",270,0,1,0,NA,1,1,1,0,1,0,1,0,0,1,0,1,0,1,1,0,0,1,1,1,0
"1195",590,NA,0,0,0,0,0,1,0,1,1,0,1,0,1,0,1,0,1,1,1,0,1,1,0,0
"1196",1269,0,0,0,1,0,0,1,0,0,0,1,1,1,0,0,1,0,1,1,1,1,1,1,1,1
"1197",1070,0,0,1,0,1,1,1,0,1,0,0,1,0,0,1,1,0,0,1,1,0,1,1,1,1
"1198",803,1,0,0,0,1,1,1,0,0,0,1,0,0,0,1,1,0,1,1,0,0,1,1,1,0
"1199",1300,0,0,1,0,1,1,0,1,0,1,0,0,0,0,0,0,1,1,0,0,0,0,1,0,0
"1200",1148,1,1,0,0,0,0,0,0,1,1,1,1,0,0,0,1,1,1,1,0,1,0,1,1,0
"1201",1392,0,0,1,1,0,1,0,0,1,1,1,1,0,0,0,0,0,0,0,1,0,1,1,0,0
"1202",1129,1,0,0,0,0,1,0,1,0,0,1,0,0,1,0,0,0,1,0,1,0,0,1,0,0
"1203",1314,1,0,1,1,0,0,0,1,0,1,0,1,0,0,1,1,0,1,0,1,0,1,1,1,0
"1204",1208,1,1,0,0,0,1,0,0,0,0,0,0,0,1,1,0,1,1,1,1,0,1,0,0,0
"1205",294,1,1,1,0,0,0,1,1,1,0,1,0,0,1,0,1,0,0,0,1,1,1,0,1,1
"1206",1104,1,0,1,1,0,1,1,1,1,1,1,1,1,1,1,0,1,1,1,0,1,1,0,0,1
"1207",449,1,0,0,1,0,1,0,0,1,1,0,1,1,0,1,1,1,1,0,1,0,0,1,1,0
"1208",749,1,1,1,1,0,0,0,1,0,1,1,1,0,1,1,0,1,0,0,0,1,0,1,0,0
"1209",582,0,0,1,1,1,1,0,0,0,1,0,0,0,0,1,1,1,1,1,1,1,0,1,1,0
"1210",322,0,1,0,0,1,0,1,0,0,1,1,0,1,1,0,0,0,1,0,1,0,1,0,0,1
"1211",1502,1,0,1,1,0,1,0,0,0,1,1,0,1,1,0,0,1,0,0,0,1,1,0,1,0
"1212",952,1,1,1,1,0,1,0,1,0,0,0,1,1,0,1,1,1,1,1,0,0,1,1,1,1
"1213",1540,1,1,0,0,1,1,0,1,1,0,1,1,0,0,1,0,1,0,0,1,1,0,0,0,1
"1214",461,1,0,1,0,0,1,1,0,0,1,0,1,1,0,1,0,1,1,0,0,0,1,1,0,1
"1215",1245,1,1,1,0,0,0,0,0,1,1,1,1,1,0,0,0,1,0,0,1,0,1,1,1,0
"1216",1166,1,1,1,1,0,1,0,0,0,1,0,1,1,1,0,1,1,1,0,1,1,0,1,1,1
"1217",609,0,0,0,0,1,0,1,0,0,1,1,0,1,0,1,1,0,0,0,1,1,1,1,0,0
"1218",25,1,0,1,0,0,1,1,1,1,0,0,0,0,1,0,1,1,0,1,0,0,0,0,1,0
"1219",613,1,1,1,0,0,0,0,0,1,1,0,0,1,1,1,0,0,1,0,1,0,1,0,0,0
"1220",522,1,0,0,0,1,1,0,0,0,0,0,0,0,0,1,0,1,1,0,0,0,0,1,0,1
"1221",81,0,1,1,1,1,1,0,1,0,0,0,1,1,0,0,1,1,1,1,0,0,1,0,1,0
"1222",875,1,0,0,0,1,0,1,0,1,0,1,1,1,1,0,0,0,1,1,1,0,1,1,0,NA
"1223",58,0,1,0,1,1,0,0,1,0,1,0,1,0,0,1,0,1,0,1,1,0,1,0,1,0
"1224",1430,1,1,0,0,1,1,1,1,1,1,0,1,0,1,0,1,1,0,0,0,1,1,1,1,0
"1225",411,0,1,0,0,1,1,0,1,1,0,0,0,0,1,0,1,1,1,0,0,0,1,1,1,1
"1226",1088,0,0,1,1,0,0,1,0,1,0,1,1,0,0,1,1,0,1,1,1,0,1,1,0,0
"1227",695,0,0,0,0,0,1,0,1,1,1,1,1,0,0,1,0,0,1,0,0,0,1,1,1,1
"1228",903,0,1,1,NA,1,1,1,0,1,0,0,0,1,0,1,1,0,0,1,0,1,0,0,0,0
"1229",91,0,1,1,0,1,0,1,1,0,1,0,1,1,1,0,0,0,0,1,1,1,1,0,0,0
"1230",1362,0,1,1,0,1,0,1,1,0,0,0,1,0,1,0,1,0,0,0,1,1,0,1,0,1
"1231",1396,1,1,1,0,0,0,0,1,0,1,0,1,1,0,0,0,0,1,1,1,1,1,1,0,1
"1232",190,1,0,1,0,1,1,0,1,1,0,0,1,0,0,0,0,1,1,1,1,0,1,0,0,0
"1233",1536,1,0,0,1,0,0,1,1,1,0,1,1,1,1,0,0,0,0,1,1,1,0,1,1,0
"1234",140,1,0,0,0,1,1,1,0,1,1,1,1,0,0,0,1,1,0,0,1,1,1,0,0,0
"1235",1080,0,1,1,0,0,1,1,1,1,1,0,0,1,0,0,0,1,0,0,0,1,0,1,1,0
"1236",828,0,0,1,0,0,0,1,0,1,0,0,0,0,1,1,1,NA,0,1,0,1,1,0,0,0
"1237",1411,1,0,0,0,0,1,0,0,1,0,0,1,1,1,0,1,1,0,0,0,1,1,0,0,0
"1238",76,1,1,0,1,1,1,1,0,0,1,1,0,0,1,0,0,1,0,0,0,1,1,1,0,0
"1239",99,0,0,1,0,1,1,1,1,1,0,1,1,1,0,0,1,1,0,1,0,1,1,0,0,1
"1240",1229,0,0,1,0,0,0,1,0,1,1,0,1,0,1,1,0,0,1,1,1,0,0,1,1,1
"1241",1187,1,1,0,0,0,1,0,0,1,1,1,0,1,0,0,1,1,0,1,0,1,0,NA,0,1
"1242",1065,1,0,0,1,1,1,0,0,0,0,1,NA,0,0,0,0,1,1,1,1,1,1,1,1,1
"1243",1145,1,0,1,0,0,1,0,0,0,1,1,1,1,0,0,1,0,0,1,1,1,1,0,0,0
"1244",1363,0,1,1,1,1,1,1,0,1,0,0,1,1,0,0,1,0,0,1,0,0,0,0,1,0
"1245",1470,1,0,1,1,0,1,0,0,0,1,1,0,1,1,0,0,1,0,1,0,0,0,NA,0,1
"1246",1450,0,1,0,1,0,0,0,0,1,0,0,1,1,1,0,1,0,1,0,1,1,1,0,1,0
"1247",1299,0,0,0,1,1,0,1,1,0,1,0,0,0,0,1,0,0,1,1,1,1,1,1,1,1
"1248",141,1,1,0,0,0,1,0,0,1,0,1,0,1,1,0,0,0,0,0,0,0,0,0,1,1
"1249",654,1,1,1,0,1,1,0,1,0,0,0,1,1,0,1,0,0,1,1,0,0,0,0,0,1
"1250",935,1,0,1,0,0,0,1,1,0,1,1,0,0,0,0,0,1,0,0,1,0,1,0,1,1
"1251",188,1,0,1,1,1,0,1,0,1,0,1,0,0,1,0,1,1,0,0,0,0,0,1,0,1
"1252",1516,1,0,0,1,1,0,0,1,0,1,1,1,1,1,0,0,1,1,1,1,1,0,0,0,1
"1253",1091,1,0,0,1,1,0,0,0,1,1,1,1,0,1,1,1,0,1,0,1,0,1,0,1,1
"1254",315,0,0,NA,0,1,0,0,1,1,1,0,1,0,0,1,1,0,1,1,0,0,1,1,0,1
"1255",352,NA,0,0,1,1,0,0,1,1,0,0,1,0,0,0,1,1,1,0,1,1,0,1,1,1
"1256",1271,1,1,0,1,1,1,1,1,0,0,0,1,0,1,1,0,0,0,1,0,1,0,0,0,1
"1257",142,1,0,1,0,1,1,1,0,0,0,0,1,1,0,0,0,1,0,0,1,0,1,0,0,0
"1258",735,1,1,1,1,0,1,1,1,1,0,1,0,0,1,1,0,1,0,0,1,1,0,0,1,1
"1259",226,0,NA,0,1,0,1,0,1,0,0,0,0,1,0,1,0,1,0,0,1,1,1,0,1,1
"1260",280,0,0,0,NA,1,1,1,0,0,1,1,0,0,1,0,1,0,0,0,1,0,1,1,1,1
"1261",610,0,0,0,0,0,0,0,0,1,1,0,1,0,1,1,0,1,0,1,0,1,0,0,0,0
"1262",855,1,0,1,1,1,0,1,0,0,1,0,1,0,1,0,1,1,1,0,0,1,1,0,1,1
"1263",67,1,1,1,0,1,0,0,1,0,0,0,0,0,1,0,0,1,1,1,1,1,0,0,0,0
"1264",1291,0,0,1,1,1,1,0,1,1,1,1,1,1,1,0,1,1,0,1,0,0,1,0,1,1
"1265",976,0,0,1,0,1,1,1,1,0,0,0,0,1,0,0,0,1,0,0,1,1,0,0,0,0
"1266",1215,1,0,1,1,0,1,1,0,0,0,1,1,1,0,1,0,0,0,1,1,1,0,0,0,1
"1267",1277,1,0,1,1,0,1,1,0,1,0,0,1,0,0,1,1,1,1,1,0,0,0,1,0,0
"1268",1053,1,1,1,0,0,0,1,1,1,1,0,1,0,0,1,1,0,0,0,1,0,1,1,0,1
"1269",915,1,1,0,0,1,1,0,1,0,1,0,NA,0,1,0,0,0,0,0,1,0,1,0,1,0
"1270",1469,0,1,0,1,1,0,0,1,0,1,1,1,1,0,0,1,1,1,1,1,0,0,0,0,1
"1271",366,1,0,0,1,1,1,0,0,1,0,1,0,1,0,0,0,0,1,1,1,1,0,1,1,1
"1272",908,NA,0,0,1,1,1,1,1,1,1,0,1,0,0,1,0,1,0,0,0,0,0,0,0,0
"1273",1420,0,0,0,1,0,1,0,1,0,1,1,1,0,1,1,0,0,1,1,1,0,1,0,0,NA
"1274",657,1,0,0,0,1,1,0,0,0,0,1,1,0,1,0,0,0,1,1,0,0,1,0,0,0
"1275",940,0,1,1,1,1,0,0,1,1,1,0,1,0,1,1,1,1,1,0,1,0,0,0,1,0
"1276",1075,0,1,0,0,1,0,0,0,0,1,1,1,1,0,0,0,1,1,0,1,1,1,0,1,0
"1277",1045,0,0,1,0,1,1,0,1,0,1,1,0,0,1,0,0,1,0,1,0,1,0,1,1,1
"1278",1496,1,1,0,0,0,1,0,1,1,0,1,1,0,0,0,0,1,0,0,1,0,1,1,1,0
"1279",1211,1,0,0,0,0,0,1,1,1,1,1,0,0,1,1,1,1,0,1,1,0,1,1,1,0
"1280",929,0,1,0,0,1,1,1,0,1,1,1,1,1,1,0,1,NA,1,0,0,1,1,1,1,1
"1281",111,0,1,1,1,1,1,0,0,0,0,1,1,1,0,1,1,1,1,0,0,1,0,0,0,0
"1282",905,1,0,1,1,1,0,0,1,0,0,0,0,1,1,0,0,1,0,0,0,0,0,0,1,1
"1283",1209,0,1,1,0,1,1,1,1,1,1,0,0,0,1,1,1,1,1,0,0,0,1,1,1,0
"1284",1478,1,0,1,1,1,1,0,0,1,0,1,1,1,1,0,0,1,0,0,1,0,0,1,1,1
"1285",1325,0,0,0,1,1,1,1,1,1,0,0,0,0,0,0,0,0,1,0,0,0,0,1,1,1
"1286",1244,1,1,0,0,1,1,0,1,1,1,1,1,1,1,1,0,0,1,0,0,0,0,1,1,1
"1287",466,0,0,1,NA,1,1,0,1,1,0,0,1,0,1,0,0,0,0,1,0,NA,1,0,1,0
"1288",674,0,0,0,1,0,0,0,0,1,0,1,1,1,1,1,1,1,0,1,1,1,0,0,1,0
"1289",225,1,0,1,1,1,0,0,1,1,0,0,1,1,0,0,0,0,1,0,1,0,1,0,1,0
"1290",1205,1,1,NA,1,1,0,0,0,0,0,1,0,0,0,1,1,1,1,1,1,0,1,1,1,1
"1291",964,1,0,0,1,0,0,0,0,1,0,0,0,1,1,1,0,0,0,0,0,0,0,NA,0,1
"1292",878,0,1,1,1,1,0,1,1,1,1,0,0,0,1,1,1,0,1,1,0,1,0,0,0,0
"1293",358,0,1,0,1,1,0,0,1,0,1,0,0,1,1,1,1,1,1,0,0,1,0,0,0,1
"1294",372,0,1,0,0,1,1,0,0,1,1,0,0,1,1,1,1,0,1,0,1,1,1,0,1,NA
"1295",1431,1,0,0,0,1,1,0,1,1,0,1,0,1,0,0,0,1,0,0,0,1,1,1,1,1
"1296",879,0,0,1,0,1,0,0,1,1,1,0,1,1,0,1,0,1,0,0,0,0,1,0,1,0
"1297",1054,0,0,0,1,1,1,0,0,1,0,0,1,0,0,0,1,0,1,1,0,0,1,1,1,0
"1298",1084,0,0,1,1,0,1,1,1,1,0,0,1,0,1,0,0,0,1,1,0,0,0,1,0,0
"1299",1563,1,NA,0,1,1,1,1,1,0,0,0,0,1,0,0,1,0,0,1,1,0,0,0,1,0
"1300",218,1,1,1,1,0,1,0,1,1,1,0,1,1,1,0,0,0,0,1,0,0,1,0,0,1
"1301",311,1,1,0,0,1,1,0,1,1,0,0,1,1,0,0,1,0,1,1,0,0,1,0,0,0
"1302",925,0,1,0,0,1,1,0,0,0,1,1,1,0,0,1,0,0,0,1,0,0,1,0,0,0
"1303",1262,1,0,1,1,1,0,1,0,1,0,0,0,0,1,1,0,1,1,1,0,0,0,0,0,1
"1304",713,0,1,1,1,1,1,1,0,1,0,1,0,0,1,1,1,1,1,1,0,1,1,1,1,1
"1305",650,1,1,0,1,0,1,1,0,1,1,0,1,1,0,0,0,0,1,1,1,0,0,0,1,0
"1306",717,0,1,0,0,0,0,1,1,1,0,1,0,1,0,0,1,1,0,0,1,1,1,0,1,1
"1307",1155,0,0,0,0,1,1,1,0,1,1,1,1,0,1,1,1,0,1,1,1,1,1,1,1,0
"1308",942,0,1,0,0,1,0,1,1,0,1,1,0,1,0,1,0,1,0,1,1,0,1,0,1,0
"1309",934,0,1,1,1,0,0,1,0,0,1,1,1,1,1,1,1,0,0,0,1,0,0,1,0,1
"1310",405,0,0,0,0,1,0,1,0,1,1,1,0,0,1,0,1,0,0,1,1,0,0,0,1,0
"1311",1103,1,1,0,1,1,1,1,0,0,0,1,0,0,0,1,0,1,0,0,1,0,0,1,1,1
"1312",1096,0,1,0,1,0,1,0,1,1,1,1,0,0,1,0,0,0,0,1,1,1,1,0,0,0
"1313",273,0,1,1,0,0,0,1,1,1,0,0,0,1,0,1,0,1,1,0,0,0,1,1,0,0
"1314",960,0,1,0,0,1,0,1,1,1,1,1,1,0,0,0,1,0,0,1,1,1,1,1,1,1
"1315",1164,1,1,1,1,0,1,0,0,0,0,1,0,0,1,1,1,1,0,1,1,0,1,1,0,NA
"1316",963,1,1,0,1,1,1,0,0,1,0,1,0,0,0,1,1,1,1,0,1,1,1,1,0,0
"1317",565,1,0,0,1,0,1,1,1,1,1,0,0,1,0,1,0,0,1,1,0,0,0,0,1,0
"1318",1017,1,1,1,1,0,0,0,1,1,0,1,0,0,1,1,0,0,0,0,0,1,0,1,0,0
"1319",463,1,0,1,1,1,0,1,0,1,1,0,0,0,0,1,0,1,1,1,1,1,0,1,1,1
"1320",66,NA,NA,1,1,1,0,0,0,0,1,1,0,0,0,0,1,1,1,0,1,0,0,1,1,1
"1321",334,1,0,1,0,1,1,0,0,1,1,1,1,1,0,0,1,0,0,1,1,1,0,1,1,1
"1322",1217,0,0,1,1,0,0,1,0,0,1,1,0,1,1,1,0,1,0,1,1,0,1,1,1,0
"1323",221,0,0,1,1,1,1,0,1,1,1,1,0,0,0,0,1,0,0,0,1,0,1,0,1,0
"1324",537,1,1,0,1,0,1,1,0,1,1,1,1,0,1,1,0,1,1,0,0,1,1,1,1,0
"1325",295,0,1,0,0,0,1,0,0,1,1,1,0,1,0,1,0,0,1,1,1,0,0,0,1,0
"1326",734,1,1,0,0,0,0,0,1,1,1,1,0,1,1,1,0,0,1,1,1,0,0,0,1,0
"1327",1514,0,0,0,1,1,1,1,1,0,0,1,0,1,0,1,1,0,0,1,0,1,0,1,0,1
"1328",464,1,1,0,0,0,1,1,0,1,0,0,1,0,0,0,0,0,0,0,0,0,1,0,0,NA
"1329",597,0,0,1,1,1,0,1,0,0,0,1,0,0,1,0,1,0,1,0,0,1,0,1,0,1
"1330",647,0,0,1,0,1,1,0,1,1,0,1,0,0,0,1,1,0,1,1,1,0,0,1,0,0
"1331",696,0,0,1,0,0,0,1,1,1,1,NA,1,0,0,1,0,0,1,0,0,1,1,0,1,0
"1332",632,0,0,1,1,0,0,0,0,0,1,0,1,1,1,1,0,0,1,1,1,0,0,0,1,1
"1333",151,1,1,0,1,0,1,0,1,1,0,1,0,0,1,1,0,0,0,1,1,0,0,1,0,0
"1334",807,0,1,1,0,1,1,1,1,0,0,0,0,0,0,1,1,1,1,0,0,1,0,0,0,1
"1335",1176,1,1,0,0,0,1,0,1,1,1,1,0,0,0,1,0,0,1,1,0,0,1,1,0,1
"1336",1479,1,0,1,0,1,0,0,1,0,0,0,0,1,1,1,0,0,1,1,1,0,0,0,0,1
"1337",667,1,0,1,1,1,0,0,1,1,0,1,1,1,1,1,0,1,0,0,1,0,1,1,0,0
"1338",1348,1,1,0,0,1,0,0,1,0,0,0,NA,1,0,0,0,0,1,1,0,0,1,0,0,1
"1339",1525,1,0,0,1,0,0,0,0,1,0,1,0,0,0,0,0,0,0,0,0,1,0,0,1,1
"1340",849,0,0,1,0,1,0,1,1,1,0,0,0,1,1,1,0,1,1,0,0,0,1,1,1,0
"1341",53,1,1,1,1,0,0,1,0,1,0,0,0,1,1,0,1,0,1,1,1,0,0,0,1,0
"1342",540,1,0,1,1,1,0,1,0,1,1,0,1,1,0,1,0,0,1,0,1,0,1,0,1,0
"1343",73,0,0,1,1,1,1,0,0,0,1,1,0,0,0,0,1,0,1,1,0,1,0,1,0,0
"1344",331,1,1,0,1,1,1,0,0,1,0,1,1,1,0,0,1,0,0,0,1,1,0,1,0,1
"1345",572,0,1,0,0,0,1,1,1,1,0,1,1,0,0,0,1,0,1,0,0,1,1,1,1,1
"1346",101,1,1,1,1,0,1,0,1,1,1,0,1,0,1,0,1,1,0,0,1,1,0,0,0,1
"1347",880,0,0,0,0,1,0,0,0,1,0,1,1,0,0,0,1,0,0,1,1,1,0,1,0,1
"1348",831,0,0,1,1,0,1,1,0,1,0,0,0,1,0,0,0,1,0,1,0,0,0,0,1,0
"1349",179,0,1,0,1,0,1,0,0,0,0,0,1,1,1,1,0,1,1,0,1,1,0,1,0,0
"1350",109,1,1,0,0,0,1,1,1,1,0,0,0,0,0,0,1,1,1,1,1,1,1,1,0,1
"1351",31,1,0,1,0,0,1,0,0,0,1,1,1,0,0,0,1,0,1,0,0,0,1,0,1,0
"1352",168,1,1,1,0,0,0,0,0,0,0,1,0,1,1,0,1,0,0,0,1,0,1,1,1,0
"1353",376,1,0,1,1,1,1,1,1,1,0,1,0,0,0,1,1,0,0,0,1,1,0,1,0,1
"1354",186,0,1,0,1,0,1,1,0,0,1,0,1,1,0,0,1,0,1,0,1,0,1,1,0,1
"1355",1252,0,1,1,NA,0,0,1,0,0,1,0,1,1,1,1,1,0,1,1,0,0,1,1,0,0
"1356",489,1,0,1,1,1,0,1,1,0,1,0,0,0,1,1,1,1,1,1,1,1,1,1,1,0
"1357",813,1,1,0,0,1,0,0,0,1,1,1,0,1,0,1,0,0,1,0,1,0,1,1,0,0
"1358",287,1,1,0,0,0,1,0,1,0,1,0,1,0,1,0,0,1,1,1,0,1,1,1,1,0
"1359",780,NA,1,0,1,1,1,1,1,1,0,1,1,0,1,0,0,NA,1,1,0,0,0,0,0,1
"1360",876,1,0,1,1,1,0,0,1,1,1,1,0,1,1,0,0,1,1,1,1,1,0,0,0,0
"1361",751,1,1,0,0,0,0,0,1,1,0,0,1,1,1,1,1,1,0,1,0,1,0,0,1,1
"1362",851,1,1,0,0,0,1,1,0,1,1,1,0,1,1,1,1,0,1,1,1,1,0,1,0,0
"1363",541,1,0,1,0,1,0,0,0,0,1,1,0,1,1,1,0,0,0,1,1,1,1,1,0,1
"1364",499,0,1,1,0,1,1,0,1,1,1,1,0,1,1,1,1,0,1,1,1,0,1,1,0,0
"1365",1318,1,0,0,0,0,1,1,1,1,1,1,1,0,0,1,1,0,0,1,0,1,0,0,1,1
"1366",637,0,0,0,1,0,1,0,0,0,1,1,0,0,0,1,1,1,0,0,0,1,1,0,1,1
"1367",568,0,1,1,0,1,1,0,1,1,0,1,0,1,1,0,1,1,1,0,1,1,0,0,1,1
"1368",500,1,1,0,1,1,1,1,1,0,1,0,0,1,1,1,0,0,1,0,0,1,0,1,1,1
"1369",223,1,0,0,1,1,1,1,1,0,1,0,1,1,1,0,0,0,1,1,0,0,1,1,0,0
"1370",363,0,NA,1,1,0,1,1,1,1,1,0,0,1,0,0,0,1,1,1,0,0,0,1,0,0
"1371",596,1,1,NA,1,1,1,0,1,1,0,0,1,0,0,0,1,1,1,1,0,0,0,1,0,1
"1372",1531,1,1,0,1,0,0,0,0,0,0,1,1,0,1,1,1,0,0,1,1,0,0,0,0,0
"1373",458,0,0,1,1,0,1,0,1,1,1,1,0,0,1,0,1,1,1,1,0,0,0,1,1,NA
"1374",833,1,0,0,0,0,1,0,1,0,0,1,0,1,1,0,1,0,0,1,1,1,1,0,0,0
"1375",506,0,0,0,0,1,0,0,0,0,0,1,1,0,0,0,0,0,1,0,0,1,0,1,0,0
"1376",1093,0,0,0,0,0,1,0,0,1,1,0,0,1,0,0,0,0,0,0,1,0,1,0,1,1
"1377",34,0,0,1,0,1,0,1,1,1,1,0,1,1,0,1,1,1,1,1,0,0,1,1,0,0
"1378",1152,0,0,0,1,1,0,0,0,1,0,1,0,1,0,1,1,0,1,1,0,0,0,1,0,1
"1379",65,1,1,0,0,0,0,0,1,1,0,0,1,0,1,1,0,0,0,0,1,1,0,0,0,1
"1380",961,1,0,1,1,0,0,1,1,1,0,1,1,1,0,0,1,0,0,1,1,0,0,1,0,1
"1381",1068,0,0,0,1,1,0,0,1,0,1,1,1,1,0,1,0,0,0,0,1,1,1,0,1,0
"1382",74,0,0,1,0,1,0,1,0,0,0,0,1,0,0,0,0,1,0,1,0,1,0,0,0,0
"1383",1309,1,1,1,1,0,0,1,1,0,1,1,0,1,0,0,1,1,0,1,1,0,0,1,1,0
"1384",1301,1,0,0,0,0,1,0,0,0,0,1,1,1,0,0,1,0,1,1,1,1,0,1,0,0
"1385",1414,1,0,1,1,1,0,1,0,0,1,1,0,0,0,1,0,0,1,1,0,0,1,0,1,1
"1386",235,1,1,1,1,0,0,1,0,0,0,1,1,0,1,1,1,1,1,0,1,1,1,1,1,0
"1387",580,0,1,1,1,0,0,0,1,0,1,0,NA,1,1,0,0,0,1,0,0,0,0,0,0,1
"1388",139,1,0,0,0,1,1,1,0,1,0,1,0,0,0,0,1,0,0,0,0,1,1,0,1,1
"1389",989,0,1,1,1,0,1,0,1,0,0,1,1,0,0,0,0,1,0,1,0,1,1,0,0,0
"1390",1305,0,0,1,0,0,1,0,1,0,1,1,0,1,1,1,0,0,1,1,0,1,1,0,1,0
"1391",1378,0,1,0,1,1,0,0,1,1,1,0,0,0,1,1,0,0,0,0,0,0,1,1,0,1
"1392",1179,0,0,1,1,0,0,1,1,0,1,0,1,1,1,0,1,1,1,1,0,1,1,1,0,0
"1393",381,0,1,1,1,0,0,1,0,0,0,0,1,1,0,0,1,1,0,0,1,0,1,0,1,0
"1394",1178,0,0,1,0,0,0,1,0,1,1,1,1,1,1,0,1,0,0,1,1,0,0,0,1,0
"1395",1000,1,0,0,0,0,0,1,0,1,0,1,1,1,1,1,0,0,1,0,0,1,0,0,1,1
"1396",408,1,0,0,1,1,1,0,0,0,1,0,1,1,0,1,0,NA,0,0,1,0,0,1,1,0
"1397",1234,1,1,1,1,0,0,0,1,0,0,0,1,1,1,0,0,1,1,0,1,0,0,0,0,0
"1398",442,0,0,1,0,1,1,0,0,1,1,0,1,0,0,1,1,0,1,0,1,0,0,0,0,0
"1399",1332,1,0,0,1,0,0,0,0,1,1,0,0,0,1,0,1,1,1,1,1,1,0,1,1,1
"1400",1377,1,0,1,1,0,1,0,1,0,0,0,1,1,0,0,1,1,1,1,0,0,0,1,0,0
"1401",196,0,1,1,0,0,0,1,0,0,1,1,1,0,1,1,1,1,1,1,0,1,0,0,0,0
"1402",182,0,0,0,1,1,1,0,0,0,1,1,0,0,1,0,1,1,0,1,0,0,0,0,1,0
"1403",662,1,1,0,0,1,1,0,1,1,0,0,1,1,0,1,0,1,0,0,1,1,1,1,1,1
"1404",444,1,0,0,1,0,0,0,1,1,0,0,1,1,0,0,0,1,0,0,0,1,0,0,1,1
"1405",574,0,1,0,0,1,0,1,1,1,0,1,0,0,1,0,1,1,0,1,1,1,0,1,1,0
"1406",427,0,0,1,0,0,1,1,1,0,1,NA,0,0,0,0,1,0,0,0,1,0,0,0,0,1
"1407",1212,1,0,0,0,0,1,1,0,1,0,1,0,1,1,0,0,1,0,0,1,1,0,0,0,1
"1408",419,1,1,0,1,1,0,1,1,0,0,0,0,1,0,1,0,0,0,0,0,0,0,1,0,0
"1409",238,1,1,1,0,1,1,1,1,1,1,0,0,0,1,0,1,1,0,0,0,1,1,1,1,1
"1410",627,1,1,0,1,0,1,0,0,0,0,0,1,0,0,0,1,0,0,1,0,0,1,0,0,1
"1411",775,1,0,0,0,0,1,0,1,0,1,0,0,1,0,0,0,1,1,1,0,0,1,1,1,1
"1412",1131,0,1,0,1,0,1,0,0,0,0,0,0,1,1,1,0,0,1,0,1,0,1,0,0,1
"1413",1552,1,0,0,1,0,1,1,1,1,1,0,0,0,0,0,0,1,0,1,1,0,0,0,0,1
"1414",848,0,1,0,1,0,1,0,1,0,0,1,0,0,0,1,1,0,0,0,0,0,0,0,0,0
"1415",888,1,1,1,1,1,1,0,0,1,1,0,0,0,1,0,1,NA,1,1,0,0,0,1,0,1
"1416",1063,1,0,0,1,0,1,0,0,1,1,0,1,1,0,1,0,1,0,0,1,1,0,0,1,1
"1417",953,1,0,1,0,1,0,1,1,0,1,1,0,1,0,0,0,1,0,0,0,0,0,0,1,1
"1418",955,0,0,0,0,1,0,1,0,1,0,1,0,0,0,1,1,0,1,0,1,1,1,1,1,1
"1419",403,1,0,0,0,1,0,0,0,1,1,1,0,1,0,0,0,1,0,0,1,0,1,1,0,1
"1420",821,0,0,1,0,1,0,1,1,1,0,1,1,0,0,1,1,0,1,1,0,0,0,0,0,0
"1421",467,1,1,0,1,0,1,1,0,0,1,1,0,1,1,1,1,0,0,1,0,1,1,1,0,1
"1422",840,1,0,0,1,1,1,0,0,0,0,0,NA,0,1,0,0,1,0,1,1,1,1,0,0,1
"1423",777,0,0,1,1,0,1,0,0,1,0,1,0,0,0,1,0,1,1,0,1,0,0,0,1,1
"1424",990,0,NA,0,1,1,0,1,1,1,1,NA,1,0,0,1,1,1,0,0,1,0,1,0,0,1
"1425",914,1,1,1,0,0,0,0,0,0,0,0,1,0,1,1,0,1,0,0,1,0,1,1,1,0
"1426",550,1,0,1,1,1,0,1,1,1,1,1,1,0,0,0,0,0,0,1,1,0,1,0,1,0
"1427",59,0,0,0,0,0,0,1,0,0,1,0,NA,1,1,0,0,0,1,1,0,1,1,0,1,1
"1428",1352,1,0,1,1,0,0,0,1,0,0,0,1,0,1,0,1,0,1,0,0,1,1,1,0,1
"1429",1173,NA,1,0,1,0,0,1,1,1,0,0,0,1,1,1,1,1,0,1,1,1,0,0,1,1
"1430",761,0,1,1,0,1,1,1,0,0,0,0,1,0,0,1,1,0,0,0,0,1,0,1,1,0
"1431",621,0,1,NA,1,0,1,1,0,0,1,1,0,0,1,0,0,0,0,1,1,1,1,0,1,1
"1432",625,0,0,1,1,0,1,0,0,1,0,0,0,1,0,0,1,1,1,0,0,0,0,1,1,0
"1433",1487,1,0,1,1,0,1,0,0,0,0,0,1,1,0,1,1,0,0,1,1,1,1,1,1,1
"1434",78,1,1,1,0,0,0,0,1,1,1,0,0,0,1,1,1,1,0,1,1,0,0,0,1,0
"1435",638,1,1,1,1,1,0,1,1,0,0,1,0,1,1,0,0,1,0,0,0,0,0,0,1,0
"1436",1048,0,1,1,NA,0,1,1,1,0,1,1,0,0,1,1,0,1,0,0,1,1,1,0,1,1
"1437",1298,0,1,0,1,0,0,1,0,1,1,1,0,0,0,1,0,1,1,1,1,0,0,0,0,1
"1438",1035,0,0,1,1,0,0,1,1,0,0,1,1,0,0,1,0,1,1,1,1,0,0,0,1,1
"1439",669,0,0,1,1,1,1,0,1,1,0,0,1,1,0,1,0,1,1,0,1,1,0,0,1,1
"1440",110,0,0,0,0,0,1,0,0,0,0,1,0,0,0,0,0,1,0,1,0,0,0,1,1,0
"1441",838,1,1,1,0,1,0,1,1,1,1,0,0,0,1,0,1,1,0,1,0,0,1,1,0,0
"1442",634,0,1,1,0,0,1,1,0,1,0,1,0,0,1,1,1,0,1,0,0,0,0,0,0,0
"1443",1288,0,0,1,1,0,1,1,0,1,0,0,0,0,0,0,1,1,1,1,0,1,1,0,0,1
"1444",998,0,1,0,1,0,1,1,1,0,1,0,0,1,0,1,1,0,1,1,1,0,0,0,1,0
"1445",341,1,0,1,0,1,1,0,0,1,1,0,0,1,0,1,1,1,1,1,1,0,0,1,0,0
"1446",278,1,0,0,0,0,1,1,0,0,0,1,1,1,1,0,0,0,0,1,1,1,1,0,1,0
"1447",939,1,0,0,1,0,1,0,0,1,0,1,0,0,0,1,1,0,1,0,1,0,1,0,0,1
"1448",290,1,1,1,1,0,0,0,0,1,0,1,1,0,1,1,0,0,0,1,1,0,1,1,1,1
"1449",758,1,1,1,1,1,1,1,0,0,1,1,1,0,0,0,1,1,0,0,0,0,0,0,1,0
"1450",43,1,0,0,0,1,0,0,1,0,0,0,1,0,1,0,1,0,0,0,0,1,0,0,1,0
"1451",122,0,1,0,0,1,0,0,0,0,0,0,0,1,0,1,0,0,1,1,1,0,0,0,0,0
"1452",153,0,0,NA,1,0,0,1,1,0,0,0,0,1,1,1,1,0,0,0,1,NA,1,1,1,1
"1453",972,0,0,0,1,1,0,0,0,1,0,1,0,1,1,0,1,1,0,0,1,0,1,0,0,1
"1454",1453,0,0,1,1,0,0,0,0,0,1,0,1,1,1,1,1,1,1,0,0,1,1,1,1,0
"1455",1335,1,1,1,0,1,1,1,0,0,0,1,0,0,0,1,1,0,1,1,0,0,0,1,1,1
"1456",1090,1,0,0,0,1,1,1,1,1,0,1,1,0,0,1,0,1,1,0,0,0,1,1,0,0
"1457",1346,0,1,0,1,1,1,0,0,0,0,NA,0,1,1,1,0,1,0,0,0,0,1,0,0,NA
"1458",1465,1,1,1,0,0,1,0,0,0,1,1,0,1,1,0,0,1,1,0,0,1,0,1,1,1
"1459",476,1,1,0,0,0,1,0,1,1,0,0,1,0,0,0,1,0,0,0,0,0,1,1,1,1
"1460",209,1,0,0,1,0,1,1,0,0,1,1,0,1,0,1,0,1,1,0,0,1,0,0,1,1
"1461",1210,1,1,0,1,1,0,1,1,0,1,1,1,1,0,1,0,1,1,1,0,0,0,0,0,1
"1462",1165,1,0,1,1,1,1,1,0,0,0,0,0,1,1,0,1,1,0,0,0,1,0,0,0,1
"1463",746,1,1,1,0,0,1,0,1,0,0,1,1,0,0,0,1,1,0,0,1,1,1,0,1,1
"1464",240,0,1,0,1,0,0,1,0,1,1,0,0,1,1,1,1,1,1,1,1,1,1,0,0,1
"1465",811,1,1,0,0,0,0,0,1,1,0,0,1,1,1,1,1,1,1,1,1,0,0,0,0,1
"1466",1011,1,1,1,1,1,1,1,1,0,1,0,0,0,1,0,1,1,0,1,0,0,1,0,0,1
"1467",5,0,0,0,0,1,0,1,0,1,0,1,0,1,0,0,0,1,1,1,0,0,1,1,0,0
"1468",429,1,0,0,0,1,0,0,1,1,0,1,0,0,1,0,0,0,1,1,1,1,0,1,0,1
"1469",504,0,0,1,0,0,1,0,1,0,1,1,1,0,1,0,0,0,1,0,1,0,0,1,1,1
"1470",1107,0,1,0,1,0,0,1,0,1,1,1,1,1,1,0,1,1,1,1,1,1,0,1,0,0
"1471",690,0,1,0,1,1,1,1,0,0,1,1,0,0,1,0,0,0,0,1,0,1,1,1,0,1
"1472",319,1,0,1,1,0,1,1,1,1,1,1,0,1,1,0,1,1,0,0,0,0,0,0,1,1
"1473",1114,0,1,1,0,0,0,0,0,0,0,1,1,1,1,1,0,0,0,0,0,0,1,1,0,0
"1474",808,1,0,1,0,1,1,0,1,1,1,1,0,0,1,1,0,1,0,0,1,1,1,0,0,1
"1475",365,0,0,0,0,1,0,1,0,1,1,NA,1,1,0,0,0,1,0,0,0,0,0,0,0,1
"1476",123,1,0,0,0,1,1,0,0,0,1,0,1,1,1,0,1,0,1,1,0,1,1,0,1,0
"1477",1369,0,0,0,0,0,0,1,1,0,1,1,1,1,0,1,0,1,0,0,0,1,0,0,1,0
"1478",1560,1,0,0,0,1,1,1,1,1,1,0,1,0,1,1,1,1,1,1,1,1,1,0,0,1
"1479",1066,0,1,1,0,0,1,1,1,1,1,1,0,0,1,1,1,1,1,1,1,1,0,0,1,1
"1480",799,0,0,0,1,0,0,1,1,0,0,1,0,1,1,0,0,0,1,1,0,1,1,0,1,1
"1481",298,0,0,0,1,0,1,0,1,0,1,0,1,0,0,1,1,0,0,1,1,0,0,1,1,1
"1482",1448,0,0,0,1,0,1,1,0,0,0,1,0,1,0,0,0,1,1,0,1,0,0,0,0,0
"1483",505,0,0,0,0,1,0,0,1,1,0,1,1,1,1,1,1,0,1,1,1,1,1,1,1,0
"1484",1218,0,0,1,0,1,1,0,1,0,1,1,0,0,1,1,0,0,0,1,0,1,1,0,0,0
"1485",45,1,1,0,1,1,1,0,1,0,0,0,1,0,0,0,0,0,1,0,0,1,0,1,0,0
"1486",371,0,0,0,NA,0,1,0,0,1,1,0,1,1,1,1,0,1,0,1,1,0,1,0,1,1
"1487",368,1,1,1,1,0,1,1,0,1,0,1,1,1,0,1,1,0,1,0,1,0,0,0,1,1
"1488",1367,1,0,0,0,1,1,1,0,1,0,1,1,0,1,1,0,1,0,0,0,1,0,1,0,0
"1489",490,0,0,0,0,0,1,0,0,1,0,1,1,1,0,0,1,1,0,1,1,0,0,0,0,0
"1490",134,1,0,0,1,0,1,0,0,1,1,0,0,0,1,1,1,1,1,0,0,1,1,1,0,0
"1491",1539,1,0,1,0,1,0,0,0,1,1,1,0,0,1,1,0,0,0,0,0,1,0,1,0,1
"1492",364,1,1,1,1,0,1,1,0,0,0,0,1,1,1,1,1,1,1,0,1,1,0,0,1,0
"1493",877,0,0,0,1,1,0,1,1,1,1,1,0,0,1,0,1,1,1,0,0,0,1,0,0,0
"1494",279,1,1,0,0,0,1,1,0,1,0,0,1,1,0,1,1,0,1,1,0,0,1,1,1,0
"1495",791,1,1,1,0,0,0,1,1,0,0,0,0,1,0,0,0,1,0,0,1,1,1,0,1,0
"1496",1047,0,1,1,1,0,0,0,1,0,1,0,1,0,1,1,0,0,0,1,1,0,0,1,0,1
"1497",1110,1,0,0,0,1,0,1,0,1,0,0,0,1,1,1,0,1,1,1,1,0,0,0,1,1
"1498",920,0,1,0,0,1,0,0,1,0,0,0,1,0,1,1,0,1,1,0,0,1,0,0,0,0
"1499",615,0,0,1,0,1,1,1,0,1,1,0,0,0,1,0,1,0,1,1,0,1,1,1,0,1
"1500",693,0,0,0,0,1,0,1,0,0,0,1,0,0,0,1,1,1,1,1,1,1,1,0,0,1
"1501",1384,1,1,0,0,0,0,1,1,1,0,1,0,1,1,0,1,0,1,1,0,0,1,1,0,1
"1502",899,1,1,1,0,0,0,0,1,1,0,0,0,0,1,0,0,1,0,1,1,0,1,0,0,0
"1503",687,1,1,0,1,0,0,0,1,0,0,0,0,1,1,0,0,1,1,1,1,1,1,1,0,0
"1504",199,1,0,0,0,1,0,1,1,0,1,0,1,1,0,0,0,1,0,0,0,1,0,0,1,1
"1505",1280,0,0,1,1,1,1,0,1,1,0,1,0,1,0,1,1,1,1,0,1,0,1,0,1,0
"1506",1092,1,1,1,0,0,1,1,1,0,1,0,1,1,0,0,1,0,0,1,1,0,1,0,0,0
"1507",837,1,0,0,1,1,0,1,0,1,0,0,1,1,1,1,1,0,0,0,1,0,0,0,0,0
"1508",756,1,NA,1,0,0,1,0,1,1,0,1,1,0,1,1,0,0,1,0,1,0,1,1,0,0
"1509",380,1,0,1,0,1,1,1,0,1,1,1,1,1,1,0,1,0,1,0,0,0,0,1,0,1
"1510",318,1,1,1,1,1,1,0,0,1,1,0,0,1,1,0,0,0,0,1,1,1,0,0,0,1
"1511",156,0,1,1,0,0,1,1,1,0,1,NA,0,1,0,0,1,0,0,1,0,0,0,1,1,1
"1512",1410,1,0,1,1,0,1,0,1,0,0,0,1,1,1,1,0,0,1,1,0,1,1,1,1,0
"1513",438,0,1,0,0,0,1,1,1,1,0,1,1,1,0,1,1,1,1,1,1,1,0,0,1,0
"1514",106,0,0,1,1,1,1,1,0,1,0,0,1,1,1,0,0,0,1,0,1,NA,1,0,1,0
"1515",468,1,1,NA,1,1,1,0,1,0,1,1,1,0,1,0,0,1,0,1,1,0,0,1,1,0
"1516",938,0,1,1,0,0,0,0,1,1,1,1,1,0,0,0,1,0,0,1,0,1,0,0,0,1
"1517",430,1,0,1,0,0,0,0,1,1,1,0,0,1,1,1,0,1,0,0,1,1,0,0,1,0
"1518",356,1,0,1,0,1,0,0,1,1,1,0,NA,1,1,0,1,0,1,0,1,1,0,1,0,0
"1519",1343,1,0,1,0,1,0,1,0,0,0,0,0,0,0,0,0,1,0,1,0,1,0,1,1,0
"1520",1564,1,0,0,0,0,1,1,1,0,0,0,0,0,1,1,1,1,1,0,1,1,1,1,1,1
"1521",962,1,1,0,0,0,1,1,0,0,0,1,1,0,0,1,0,1,0,1,1,0,0,1,0,0
"1522",1326,1,0,1,0,0,0,1,1,1,0,1,NA,1,1,0,0,0,0,1,1,0,1,1,0,0
"1523",587,1,0,0,1,0,1,0,0,0,0,0,1,1,0,0,1,NA,1,0,0,1,1,0,0,0
"1524",1043,0,0,0,0,1,0,0,0,1,1,1,0,0,0,1,0,0,1,1,1,1,0,1,1,1
"1525",494,1,0,0,1,0,0,1,0,1,1,1,0,0,0,1,1,0,0,0,0,0,0,1,0,1
"1526",605,0,0,0,0,0,0,1,1,0,0,0,0,1,1,1,0,0,1,0,1,1,1,0,1,0
"1527",1330,0,0,0,1,1,1,0,1,1,1,1,1,0,0,0,1,1,0,0,0,0,1,1,0,0
"1528",818,0,0,0,1,1,0,0,1,0,0,0,0,1,1,1,0,1,0,0,1,0,1,1,1,1
"1529",694,0,1,1,0,1,0,0,1,0,0,0,1,1,0,0,0,NA,1,1,0,0,1,1,1,1
"1530",784,1,1,1,0,1,0,0,1,1,1,0,1,1,0,0,0,0,1,1,0,0,1,1,1,1
"1531",184,0,1,1,1,1,0,1,1,1,1,1,0,1,1,1,1,1,0,0,0,1,0,0,0,0
"1532",643,0,0,0,0,0,1,0,1,0,0,0,0,1,1,0,0,0,0,1,1,1,0,0,1,0
"1533",342,0,0,0,1,0,0,0,0,0,0,0,0,1,0,0,0,0,1,1,1,1,1,0,1,1
"1534",399,1,1,0,0,0,1,1,0,1,0,0,0,0,1,1,0,0,1,0,0,1,1,1,0,0
"1535",843,0,1,0,1,1,0,1,1,0,1,0,0,0,0,1,0,0,1,1,0,0,1,1,0,1
"1536",103,0,0,0,1,0,1,0,1,0,0,0,1,0,1,1,1,1,1,0,0,0,1,1,1,0
"1537",897,0,0,0,0,1,1,0,1,1,0,0,1,1,0,1,1,0,1,1,0,1,1,0,1,0
"1538",517,0,1,0,0,1,0,1,0,1,0,0,0,1,0,1,0,1,0,1,0,1,0,1,1,0
"1539",1313,0,0,1,0,0,1,0,1,0,1,1,NA,0,1,1,1,0,1,0,0,1,1,0,0,0
"1540",304,1,0,0,0,0,1,1,1,0,1,0,1,1,0,0,1,1,1,0,1,1,1,0,1,0
"1541",54,0,0,0,1,0,0,1,1,1,0,0,0,1,0,0,1,0,0,1,1,0,1,1,0,0
"1542",296,1,1,1,0,1,1,1,0,1,1,1,1,0,1,0,0,1,0,1,1,0,1,0,1,0
"1543",1170,1,0,1,0,0,1,0,0,1,1,0,0,0,0,0,1,0,0,1,1,1,0,1,0,1
"1544",1001,1,0,1,0,0,1,0,1,0,1,1,1,0,0,1,0,0,1,0,0,1,0,1,1,1
"1545",1484,1,0,0,1,1,0,0,1,0,0,0,1,1,1,0,0,1,0,1,1,1,1,0,0,1
"1546",665,1,0,0,0,1,0,0,1,0,0,0,1,0,1,1,1,0,1,0,0,1,0,1,0,1
"1547",635,1,0,0,0,0,1,1,1,1,0,1,0,1,1,1,1,1,1,0,0,0,1,0,0,1
"1548",552,0,1,1,0,1,0,0,0,1,0,1,1,1,0,1,0,1,0,1,1,0,0,0,1,1
"1549",585,NA,1,1,0,1,1,0,0,0,1,1,1,0,1,0,1,1,1,1,0,1,0,0,1,1
"1550",844,1,1,1,0,0,1,1,1,0,0,1,0,0,0,0,1,1,1,1,1,1,1,0,1,1
"1551",1515,0,1,1,0,1,0,0,0,1,0,0,0,1,1,1,1,0,0,0,1,1,1,1,0,0
"1552",483,0,1,0,1,1,1,0,1,1,0,0,0,0,1,1,1,1,0,0,1,1,0,0,0,1
"1553",138,1,0,0,0,0,1,0,1,0,0,1,1,1,0,0,1,0,1,1,0,0,1,0,0,1
"1554",1310,1,0,0,0,0,0,1,0,0,1,1,0,1,0,1,0,1,1,0,0,1,1,0,0,0
"1555",1462,0,0,0,1,1,0,0,1,0,0,0,1,0,0,1,1,0,0,1,0,0,0,1,1,0
"1556",115,0,1,0,1,1,1,0,1,0,1,1,0,0,0,1,0,0,0,1,0,1,0,0,1,0
"1557",1427,1,0,0,1,0,0,0,1,0,0,0,1,1,0,1,1,1,1,1,1,1,1,1,0,1
"1558",462,1,1,NA,1,1,0,1,1,1,1,0,0,0,1,1,0,0,0,0,0,0,0,1,0,1
"1559",237,1,0,0,0,1,1,1,1,1,0,1,1,1,0,0,0,0,1,0,0,1,0,NA,1,0
"1560",573,1,0,1,1,0,0,1,0,1,1,0,0,1,1,0,1,1,0,1,1,0,1,1,1,1
"1561",202,1,0,1,1,0,1,1,0,0,1,1,1,1,0,1,0,1,0,1,1,0,1,0,1,1
"1562",1428,1,1,1,0,1,1,1,0,1,0,0,0,0,1,0,0,0,0,0,1,0,0,0,0,1
"1563",272,1,1,1,1,0,0,1,1,1,1,0,0,1,0,1,0,0,1,1,0,1,0,1,1,1
"1564",1316,1,0,1,1,1,1,0,0,0,1,0,0,1,0,1,0,1,1,1,0,0,1,0,0,0
"1565",498,0,1,0,1,1,0,1,1,1,1,1,1,1,1,1,1,1,0,0,1,1,1,0,1,1
"1566",1477,0,0,1,1,1,1,0,0,1,1,1,0,1,0,0,1,1,1,1,0,1,0,1,1,1
"1567",910,0,1,0,1,1,1,0,1,1,1,1,1,0,0,1,1,1,0,0,0,0,0,1,0,0
