"","ID","Y"
"1",386,-4495728491.4159
"2",1327,-11597571865.189
"3",1194,2937943481.06682
"4",581,-18449880460.3263
"5",1389,33235636754.3588
"6",791,-343218814.276618
"7",982,-7538512589.43026
"8",1138,13214695154.0848
"9",1326,1052701487.72279
"10",1,12792217118.3291
"11",785,5562110543.16684
"12",983,13435055296.4414
"13",1407,19257332441.189
"14",975,-610221057.530271
"15",544,4623820596.48984
"16",943,-6457473710.80019
"17",557,2918703899.01319
"18",537,-1398618204.66403
"19",941,10595511557.6502
"20",1078,7357194490.36611
"21",273,-10456253739.8761
"22",695,7557695098.77588
"23",32,28377162743.321
"24",1042,6858561202.93073
"25",400,-10835263319.1238
"26",52,15732356417.3466
"27",1265,-4083813791.9759
"28",466,-526578695.475668
"29",1109,-2083213725.85605
"30",188,10109584176.5826
"31",206,-23176549373.5044
"32",247,-19698321962.7236
"33",1368,-1425249444.10632
"34",758,-1385764792.78111
"35",875,16651110450.8261
"36",1498,-11152656386.1775
"37",337,4918242504.05856
"38",1246,13440481972.474
"39",1094,18664027674.1523
"40",394,5225924689.22071
"41",1339,18599661437.2548
"42",127,34791983423.8468
"43",346,-8317160876.27452
"44",151,12515659918.8263
"45",769,19118369425.5805
"46",1199,4442981482.79233
"47",806,13745849299.5835
"48",698,-9533357081.44368
"49",1553,2357199106.34548
"50",65,3876050476.56013
"51",1043,7289682132.12583
"52",591,4112903165.13958
"53",488,9444926508.26793
"54",229,7698872062.87377
"55",816,26160589815.5401
"56",1329,-8295815591.99926
"57",578,23956542314.6055
"58",154,11154454596.1531
"59",1359,NA
"60",878,17490213077.3584
"61",948,17695910452.3161
"62",490,239565749.372006
"63",172,11234074025.7964
"64",89,27260176136.5794
"65",398,13827690419.4043
"66",1299,7609601619.76279
"67",718,14276467318.1043
"68",138,12079834623.6404
"69",381,5073636687.5714
"70",1181,4064418300.12841
"71",617,30719700250.802
"72",498,4197103947.13295
"73",255,12529511871.9742
"74",924,-3278099701.1378
"75",633,309490662.601043
"76",876,3750698712.37664
"77",958,19759731230.1321
"78",228,15977213964.4438
"79",468,12576848079.7034
"80",284,16788502453.9978
"81",552,3946388051.31025
"82",21,6160115342.62609
"83",71,9762789475.9823
"84",760,4444626141.04837
"85",355,-2847917940.50796
"86",699,24026870053.9921
"87",214,26067446595.7967
"88",716,20551275143.2607
"89",523,6724607325.9652
"90",1171,19948418585.7743
"91",413,14336151966.199
"92",1500,-11485820288.1141
"93",1538,-5980836342.3139
"94",1509,1695296472.87922
"95",1435,-5314813690.7697
"96",736,-5257520605.26521
"97",459,10805360950.4709
"98",477,16223342308.7972
"99",786,6683564944.16536
"100",1060,19055126164.0303
"101",590,-3260515694.30987
"102",391,10087624525.5187
"103",1196,6549615227.48618
"104",1143,3316255624.46356
"105",256,8498278961.48201
"106",1170,23769919791.6542
"107",1147,4491270118.96225
"108",781,-2433516282.5265
"109",805,10873071404.1614
"110",438,-3284923073.16063
"111",991,-7395218271.84607
"112",978,2415070672.09935
"113",445,15698762111.1311
"114",990,-6789519028.22617
"115",587,3143516917.27315
"116",4,-3341607769.9849
"117",1188,-8560153773.28346
"118",1450,7606976468.42786
"119",169,-5473140082.78395
"120",1473,10089966016.6149
"121",1302,12288834515.1706
"122",343,17533857972.4044
"123",77,16713307914.7249
"124",1449,-1195310942.10882
"125",470,12605355804.1953
"126",1176,-16616725934.1581
"127",1080,1116667988.26087
"128",475,404971468.862322
"129",1325,4648068398.81602
"130",536,14001790601.5833
"131",1055,4032291844.70033
"132",1260,5533448692.54582
"133",464,1998407757.11928
"134",1516,13526364115.4936
"135",615,-6557095257.61673
"136",3,-5939101785.75543
"137",1052,8944729737.98878
"138",1476,11922783624.805
"139",1470,-7063447387.76741
"140",547,12421910815.164
"141",1312,22139098882.8866
"142",17,-2818493238.00699
"143",318,15009703599.5551
"144",519,521218518.948513
"145",634,-27661345321.2413
"146",800,-6780470495.80146
"147",201,5367316781.37829
"148",1293,8066661806.12796
"149",177,NA
"150",1560,766465665.65197
"151",618,-4769757162.51466
"152",379,-5340000331.38201
"153",1510,1240188258.82859
"154",650,10758076656.1316
"155",1534,-1640560637.82113
"156",377,-248391432.059765
"157",1264,-15327770893.0675
"158",1253,1945283977.02941
"159",861,19413311741.653
"160",1250,10340762225.0848
"161",1480,3097597628.06561
"162",335,-19444022634.4417
"163",1233,7491879224.17624
"164",439,-9742647147.17337
"165",1456,5214365617.4845
"166",707,5323012089.79705
"167",10,-2970064056.6053
"168",271,26569689641.4297
"169",1385,11777970820.5199
"170",584,-957435888.58876
"171",797,22800855336.3748
"172",1214,-5876751275.16716
"173",342,-4530805776.90945
"174",1491,7761652543.54263
"175",951,10004521.5828457
"176",1095,8428206998.70442
"177",424,8488241012.44431
"178",76,8592586501.13527
"179",350,-934966314.093197
"180",366,-16091617115.9064
"181",90,1611228808.98667
"182",1130,5143774286.8376
"183",285,3599051942.34337
"184",1361,-4559155412.86563
"185",643,6886217838.20601
"186",844,44320738004.774
"187",820,-1941139374.53389
"188",930,-8238642894.11744
"189",1161,19156238510.4705
"190",1382,11110255890.8201
"191",1070,-5041947699.16607
"192",1345,-34409777102.3624
"193",563,189942987.616215
"194",566,4897838569.80531
"195",764,-2367849570.81794
"196",1247,28141645178.8229
"197",338,10388896969.2361
"198",1022,-668328975.58049
"199",692,9498155547.38643
"200",1205,-16965514497.4033
"201",70,18427324852.9363
"202",218,-11797405755.4411
"203",1107,11095915855.6898
"204",1369,8884212357.75256
"205",1118,23146960601.5794
"206",5,11701119930.8295
"207",1086,-3534330418.50921
"208",1311,3181299110.70978
"209",1478,-2656137495.33307
"210",238,-16709476867.4194
"211",1221,-2824708251.51996
"212",1290,-9371466888.64298
"213",593,8025682672.40239
"214",1213,648772107.041299
"215",996,22942506340.3514
"216",1210,11103752730.301
"217",1342,NA
"218",79,9991143421.668
"219",1537,7724689993.81907
"220",700,29017894541.7851
"221",560,10393360587.5667
"222",1003,-14300237672.6328
"223",944,5618443444.57019
"224",283,-282706691.722253
"225",1399,14387298933.7962
"226",167,-6502606417.28606
"227",351,5193366599.36283
"228",1158,18847119596.0393
"229",968,1402837662.6798
"230",278,4198073399.3861
"231",811,2651095106.51931
"232",1127,15456732556.3775
"233",1028,16613317694.5971
"234",512,4489352555.02224
"235",939,-3348396571.80681
"236",489,-6640462501.72626
"237",510,19564919371.0414
"238",672,6888571271.92482
"239",64,12350019710.2148
"240",348,5797086749.92652
"241",586,-12312973102.8676
"242",1133,16631673669.7108
"243",1486,6174571069.30587
"244",1126,-10811500382.095
"245",670,-3822676949.29844
"246",1377,-1574706586.67545
"247",595,26209157391.5063
"248",826,16263298953.1869
"249",1567,24714710496.887
"250",1356,-3152778678.67753
"251",678,8718181634.2728
"252",676,8732941125.57499
"253",1220,20230506736.8819
"254",153,1346268039.42304
"255",801,10271434799.9046
"256",1102,10351108276.7225
"257",75,-10469983980.0655
"258",857,1158928131.38509
"259",1240,-3295090008.74289
"260",630,15454233029.9105
"261",168,-6056140358.62622
"262",1217,4399180995.73479
"263",1437,14288972486.5602
"264",258,16821902630.5135
"265",730,16673284235.6827
"266",295,8340722982.2727
"267",1105,8661698933.69041
"268",234,9846729774.10089
"269",1139,19771539672.5171
"270",748,14197588264.7569
"271",372,-11472691549.5899
"272",1269,9192629528.78084
"273",969,26665235179.0526
"274",358,8305317231.59295
"275",1054,-4577544593.94352
"276",1521,33755549042.7996
"277",1149,10960079479.3895
"278",851,-5897439507.63192
"279",202,30011286239.5437
"280",1350,15635048651.7954
"281",710,5317610089.33488
"282",972,14720010274.8676
"283",910,13143289238.8936
"284",1266,-1649547163.58013
"285",102,-6482369914.92718
"286",1029,7213908868.67712
"287",333,597191463.106047
"288",1040,-6465565959.49757
"289",1371,7956600361.2757
"290",1141,13105137709.8275
"291",111,7665440113.55829
"292",1298,14582292167.0358
"293",1380,16716134936.5613
"294",375,11747703294.9966
"295",1108,14294366565.9974
"296",1549,-2577935440.12204
"297",1061,2096345769.64159
"298",1132,-10325006408.0072
"299",1036,14729627068.0055
"300",920,-4008623247.18997
"301",558,-7181829039.29906
"302",712,16869778081.5689
"303",1393,1100774101.41604
"304",655,3272396556.24823
"305",1015,-11753978444.4916
"306",131,6438571969.25165
"307",612,1455175944.39845
"308",533,9553442411.18816
"309",763,24289119763.6242
"310",1548,13359210591.0322
"311",1163,19185675488.871
"312",126,5561537588.04338
"313",880,-12394092546.4898
"314",1100,24354823743.2493
"315",1174,-13179155855.0661
"316",382,7027720460.63456
"317",119,16142127961.542
"318",1394,6749620464.13691
"319",1057,12195543451.7445
"320",1396,11478685759.3839
"321",522,10054564066.6924
"322",789,-9611041640.68132
"323",579,12258030500.0193
"324",640,11642202176.2884
"325",1212,-1636638435.15312
"326",325,2014144169.36124
"327",270,7060182414.41833
"328",1096,4827898210.82845
"329",1136,10584385808.7699
"330",1114,-3005066305.79602
"331",1503,6123343875.95255
"332",739,-8090309344.19046
"333",535,-4944115225.89815
"334",1031,1733076781.29376
"335",1438,-5172766126.11044
"336",1499,19977959436.6773
"337",782,14019618501.1286
"338",874,13029738355.3888
"339",652,-3567146266.85755
"340",1218,-18569939984.2474
"341",596,-10738374583.6363
"342",327,17969073184.7444
"343",997,-7199083635.18062
"344",1520,1237128989.85014
"345",682,14850283431.8699
"346",1322,29491952584.6703
"347",686,12060361624.4802
"348",1303,8430572287.34343
"349",189,-3686864957.55057
"350",1512,18823790477.8105
"351",624,-5422824225.71354
"352",1092,6456389931.95727
"353",1063,10757088527.9385
"354",517,11371507012.9024
"355",1447,16248975021.451
"356",1501,18259180796.6964
"357",827,21316978821.3846
"358",564,-85438059.7319663
"359",1528,21855624654.2678
"360",810,6334615695.97435
"361",23,13883378051.1563
"362",396,7586690351.08224
"363",1223,1379281768.00884
"364",638,-4457583612.6568
"365",100,19178729272.7475
"366",1075,9136274623.33022
"367",863,-5448854189.22395
"368",2,11436002943.8245
"369",1089,863668934.437888
"370",143,4576268473.50342
"371",756,30622866150.8044
"372",889,2009062394.99457
"373",339,-12682758020.2178
"374",639,6646606050.71211
"375",224,14352838300.9957
"376",568,15227937940.3496
"377",434,14868856063.559
"378",60,26343139293.2073
"379",106,4073242512.43042
"380",44,-6402821700.89095
"381",1085,-11895851468.6668
"382",299,5127666036.69745
"383",1564,-15359975502.714
"384",973,21826463661.4991
"385",846,16932619008.9888
"386",1081,-3876500770.81168
"387",822,16207814432.2344
"388",291,11605525708.3454
"389",1056,14393685893.8258
"390",1543,1347852669.91879
"391",1020,6805525542.53851
"392",877,-10496704194.3886
"393",1067,-12135168791.9059
"394",279,2984819371.51199
"395",1225,27240425298.5589
"396",1315,18889820647.4328
"397",1552,-8855891658.11678
"398",1362,-4750254282.02175
"399",1562,15549844477.4538
"400",1117,NA
"401",42,-4704215556.27517
"402",1037,7338802679.59221
"403",1010,-13124773466.7675
"404",858,3964521902.99584
"405",777,9349692004.05646
"406",1565,NA
"407",1190,2864633646.11108
"408",664,-12529344702.3789
"409",1539,7992245503.87323
"410",6,10377989905.292
"411",1314,11286722376.1866
"412",227,13385597361.9833
"413",680,17144762597.8037
"414",1093,11281380871.1124
"415",205,-3750230509.69816
"416",913,7484490743.35703
"417",199,1181286347.69073
"418",129,-13344418010.8124
"419",1079,2418192981.65009
"420",915,10627560852.2355
"421",395,26191998027.4536
"422",574,13141365626.1897
"423",281,-2078753820.71551
"424",879,26785526717.9097
"425",260,3301119913.42379
"426",918,-8687084796.31972
"427",711,6508640478.00106
"428",1275,-9311331645.86682
"429",926,4629359446.02651
"430",82,4873458689.5106
"431",170,24064308437.4937
"432",1288,11252513788.0893
"433",648,37021092486.082
"434",1423,2766385605.81771
"435",1271,-1328215196.82676
"436",1167,2186483270.02279
"437",989,11315751252.9626
"438",399,27557130418.9927
"439",738,15108517479.4001
"440",222,-6208121796.62425
"441",352,11938316990.8176
"442",567,17776911620.3694
"443",171,13643515866.7679
"444",1522,7635006264.30325
"445",884,2011766368.24823
"446",397,12426591781.875
"447",911,1861496869.68944
"448",509,21226417114.8634
"449",1245,NA
"450",606,7427384133.81191
"451",573,1487054912.53798
"452",146,7981859466.28752
"453",1523,-171909285.958588
"454",867,13071276594.9005
"455",322,-3492294159.82285
"456",300,13745049119.316
"457",441,-7137981910.49249
"458",828,21956350078.0015
"459",838,-449511882.531527
"460",906,7160263913.42164
"461",1408,8807255969.01668
"462",1023,-261968270.797673
"463",799,-12675382817.8145
"464",651,10408785657.5867
"465",301,28039297594.4231
"466",1017,3982098306.31708
"467",1492,9942504523.16351
"468",1206,5676003833.49926
"469",717,7993996709.75166
"470",751,24945523548.6312
"471",776,-1540550265.85105
"472",174,7994288464.69604
"473",704,5327215800.91132
"474",768,14757418307.7315
"475",157,6407352346.44355
"476",1490,-1021255708.55025
"477",1283,-15745411944.5586
"478",1121,26355528937.1393
"479",179,28362896496.2045
"480",150,11802894133.8943
"481",1038,10361183075.1187
"482",304,2763206077.98166
"483",451,12280739323.0131
"484",457,-7534015782.38127
"485",775,4334954469.4757
"486",315,-5212731849.61193
"487",881,11282912356.8592
"488",925,23411686726.7493
"489",1545,8218389261.81825
"490",18,11813992493.0066
"491",198,-5609411155.44933
"492",1482,4548845397.96814
"493",286,18177793876.221
"494",935,-741596826.895125
"495",1208,-2071390487.08764
"496",359,10547698970.2864
"497",274,119221898.204853
"498",204,2213716711.38876
"499",161,2382403713.25947
"500",282,-6575720862.26901
"501",86,32416115278.2156
"502",729,-3379921.45414257
"503",1536,4397618015.34923
"504",507,29308981094.7427
"505",784,24491393145.8805
"506",708,11808981283.7522
"507",63,-7810345379.25308
"508",368,11779919936.2219
"509",1514,-476522796.394153
"510",463,-1396779860.95918
"511",1365,1776965671.8456
"512",1099,19873746374.3798
"513",644,13015912639.2517
"514",912,3764785048.39391
"515",962,12193803614.4241
"516",194,-2561222279.61709
"517",165,-3603660564.4499
"518",631,3203361319.81586
"519",666,11733290913.7908
"520",514,-6071957394.8346
"521",1234,16165864939.9218
"522",1183,-601608408.342529
"523",97,3092067205.49933
"524",93,14474890217.4941
"525",607,5104633278.53894
"526",1305,3555153482.19165
"527",263,23349020501.1669
"528",1511,-11137571588.1228
"529",793,-3420442334.53461
"530",1201,10983326301.9037
"531",94,-3642560287.33823
"532",49,13942394097.3858
"533",92,-3739971948.89912
"534",1517,14836267336.9277
"535",832,-3495158483.23734
"536",1279,9226256362.99292
"537",212,12178702264.5469
"538",242,-12713750972.3676
"539",294,4182645178.3696
"540",292,12074084458.3511
"541",931,12026728653.4739
"542",245,3624712812.6276
"543",455,8801993452.47535
"544",1153,174745595.08659
"545",1324,-8225176550.21825
"546",1262,11108383478.7832
"547",1104,4928519751.33396
"548",780,-5703204336.49243
"549",1458,28043006451.291
"550",871,8968657483.64075
"551",938,30518102069.0651
"552",1116,-1113043749.47758
"553",532,2128466337.003
"554",1111,-2920749945.58682
"555",1236,-1795111732.56514
"556",223,5914079881.65854
"557",1228,11422185872.6764
"558",959,-439483239.979322
"559",495,-9093655505.27528
"560",669,22804010597.7057
"561",68,1871570277.32795
"562",1531,19058533894.6687
"563",1335,-3101600832.40239
"564",1533,4802165955.17213
"565",472,5594317850.35975
"566",1168,1829017601.18391
"567",1197,18553816284.579
"568",1198,6471715608.85249
"569",454,26170121538.8673
"570",360,15169647344.9614
"571",83,-21130215080.7924
"572",1187,506463172.407307
"573",266,-14351954173.3826
"574",1027,-7499433284.69511
"575",1309,-18672281212.1235
"576",1215,20656392684.5637
"577",27,36123721032.5095
"578",963,-6884885856.44444
"579",287,-5144141172.54272
"580",724,14351613814.0866
"581",1241,18252552879.4028
"582",290,-3601583501.20713
"583",251,-4775704667.16694
"584",233,-1009343899.46586
"585",1427,3045701776.09197
"586",981,2921494189.80219
"587",302,-1913984312.27463
"588",1485,23962325165.7038
"589",1209,17753879521.5487
"590",619,9321148382.88021
"591",1160,-6583643917.08866
"592",1227,-3319522443.2489
"593",949,5741145990.38265
"594",182,5513242909.86674
"595",96,-22745037491.4928
"596",124,8592844443.11112
"597",1131,821351122.712044
"598",765,1967198796.27788
"599",1235,1091457286.23063
"600",1453,-1399207215.534
"601",872,6686944530.49739
"602",1219,9378618232.07523
"603",293,-3101199655.26754
"604",1390,1664864862.71666
"605",772,11566077645.263
"606",1424,803550417.266095
"607",1412,3069971933.6482
"608",603,18172340538.5776
"609",540,4099146840.01569
"610",665,9082841790.72005
"611",890,6405408779.55556
"612",548,6782555736.14713
"613",1004,16360323453.4697
"614",1000,6885542973.44407
"615",1328,9116208595.02584
"616",328,9510281371.91061
"617",1445,8835613622.01554
"618",663,10842575724.7277
"619",1441,14781272496.3865
"620",601,-5956077501.07244
"621",600,18354414217.2026
"622",262,-357955282.21584
"623",1355,3286900457.79257
"624",81,6448268167.09043
"625",323,-7489267267.33989
"626",929,12444041924.5038
"627",1410,14234180254.7651
"628",421,-2927912845.35429
"629",525,7856305680.55654
"630",56,-6382629602.70429
"631",1049,16916250171.8189
"632",528,11838243355.4314
"633",1195,4133089319.09923
"634",1363,24894300479.5771
"635",503,-5876352996.4842
"636",1296,7422496915.03855
"637",196,-3325163234.98343
"638",1134,1319652378.07423
"639",1557,2435813014.44177
"640",187,6224197996.89254
"641",48,362429949.609923
"642",1484,-18979959890.6581
"643",329,18521713770.8725
"644",1400,19147337.4711132
"645",216,14407690367.7948
"646",1002,-5053341983.78099
"647",30,24187063834.1309
"648",559,4000303735.30192
"649",677,1527675259.08044
"650",1162,3882248289.26295
"651",370,-229142096.556542
"652",570,23920112170.5508
"653",155,-9864628789.08109
"654",795,-9500718595.08142
"655",1398,9996122476.72843
"656",159,-348577267.40062
"657",1178,17472346042.2814
"658",252,10778893052.3237
"659",401,11045847476.1634
"660",430,-13551837041.2145
"661",133,18616383604.5093
"662",960,-3726765922.17191
"663",551,4267025618.60259
"664",1150,9915147394.92665
"665",715,10404948676.0499
"666",504,24557143178.9743
"667",261,4725018167.0919
"668",91,3416972575.1972
"669",1032,692298708.104847
"670",308,3698114302.74077
"671",1169,11316627746.7777
"672",1457,-4452310645.00304
"673",645,-13525069790.02
"674",613,6110768578.13006
"675",1098,-1947201585.10852
"676",35,-3739911963.11848
"677",750,5582339148.54093
"678",588,16975507849.9915
"679",1192,4118059136.66431
"680",239,-3477296760.8565
"681",531,21493570480.7801
"682",1076,9840356742.84251
"683",1259,117417767.520704
"684",580,6075064857.74058
"685",334,14099353486.6115
"686",964,-9304473530.98196
"687",1124,-15503972270.8669
"688",69,10082841440.3761
"689",1276,29607799668.2791
"690",961,-18300296859.4074
"691",43,12869303005.7125
"692",1330,926389747.033262
"693",1125,20399451381.2193
"694",1046,6151280431.26789
"695",1532,4158076423.9046
"696",1062,16221130125.703
"697",474,22147510291.5619
"698",819,-11200582276.5737
"699",1429,9074493564.17853
"700",864,-1517440325.79734
"701",140,5609926586.0982
"702",1347,12070813327.6069
"703",731,1652800814.2245
"704",9,-11719316.1311131
"705",976,32105568937.5574
"706",130,2188014834.07829
"707",147,4899072175.91059
"708",1287,-12208814154.3158
"709",824,6722568668.42168
"710",626,1718256177.2653
"711",1282,21352507892.1327
"712",19,7342044265.01936
"713",701,-35765405164.1792
"714",39,16015152060.2967
"715",1272,6019186070.42009
"716",1277,9386095252.71746
"717",521,12671763970.3521
"718",244,11729859727.3184
"719",683,477161862.436368
"720",8,-4895779136.21138
"721",415,-9963937746.65217
"722",693,5809205636.22219
"723",908,20744010146.1316
"724",635,4927336964.51459
"725",1477,-4865780319.29581
"726",103,2736258105.3353
"727",1375,15264428790.3395
"728",136,17182887971.9428
"729",1182,2061427431.83696
"730",550,14885680972.5658
"731",125,2575014101.92173
"732",1106,2996539107.01877
"733",985,8965931835.77728
"734",1044,-12511752703.5978
"735",761,13153117426.881
"736",833,11137338858.9683
"737",893,16978444678.664
"738",1268,-6139244588.01838
"739",425,12113217596.6488
"740",193,-11064951786.8676
"741",7,20268904034.2289
"742",649,12169057812.6691
"743",1360,-24598234596.6232
"744",25,7058609827.08255
"745",818,15395922312.259
"746",1285,-12819323995.9752
"747",1024,14222969112.4656
"748",36,1793678693.34237
"749",1230,26791050732.9962
"750",1165,-25736143.2183819
"751",29,10798542677.392
"752",932,-5822735453.94887
"753",681,10997198224.9108
"754",1069,332308706.845695
"755",389,14213094962.4529
"756",627,4764488809.19956
"757",1370,4512629733.0617
"758",979,9394412622.40276
"759",794,10760037488.9559
"760",1421,30433233502.6518
"761",914,4673103073.57475
"762",841,-6889939367.67606
"763",1414,7399243713.06718
"764",770,10576435286.7014
"765",250,6229164953.56277
"766",406,3758841369.91098
"767",1336,2018876631.4976
"768",53,116507933.019182
"769",1232,-4123612800.58336
"770",936,18234906290.8816
"771",628,6699170971.32316
"772",378,10645345521.6373
"773",217,-19764343171.4857
"774",58,5182184175.66776
"775",162,-9371450703.38791
"776",476,-1676680524.66492
"777",38,-13668854056.9903
"778",984,-10774351016.8026
"779",1494,-4040187634.8202
"780",1357,5576223364.60869
"781",40,28642713951.8215
"782",139,-1653842271.93473
"783",1337,-6925695878.74253
"784",164,15667789707.9034
"785",436,-1243147059.03162
"786",1428,25573936249.0611
"787",896,18096338370.9573
"788",471,15655872576.214
"789",347,-112987382.454051
"790",1152,402920992.511374
"791",460,16270708538.0958
"792",917,5367035098.89026
"793",1310,8377926943.87319
"794",654,5716696155.69394
"795",1006,29183834357.1576
"796",937,10419794979.7099
"797",1383,16282397527.4261
"798",927,1773671541.96158
"799",1274,7793903254.32469
"800",1518,4495149828.88321
"801",448,-67796013.8704901
"802",473,6664768463.53641
"803",1419,6290910029.1583
"804",866,14028728945.6457
"805",1469,8368744708.1462
"806",160,9891318246.99183
"807",1459,13929133885.0687
"808",620,244160304.558693
"809",1072,-8286794447.73997
"810",1019,895625212.323033
"811",947,11964643480.2976
"812",59,2434180775.2121
"813",546,-6500335994.99545
"814",95,18508650917.7011
"815",907,7988581757.91064
"816",998,-13569815209.6955
"817",616,14223643876.2724
"818",894,-5249957657.0118
"819",848,10044032993.3109
"820",1039,19019930703.5515
"821",148,11042634711.8579
"822",543,17484340012.2717
"823",107,-3970492750.67981
"824",1077,-9296223784.36857
"825",901,7977120714.02074
"826",671,-6913052543.44937
"827",905,23006440322.0524
"828",1051,11307211592.092
"829",740,5604932453.85288
"830",265,3002607951.14161
"831",703,-13479357646.8212
"832",809,3542968793.44399
"833",1146,-4488191973.05387
"834",888,13413495386.4534
"835",667,-6879762389.72616
"836",1307,-2984936530.78242
"837",1483,-12719023437.6472
"838",288,-3101088835.53916
"839",306,2498560932.94948
"840",264,-5115278076.7292
"841",178,5529456237.68099
"842",458,9296424607.42586
"843",496,4741059360.01105
"844",886,-7993111592.77058
"845",289,12148306146.8118
"846",1451,9426901263.72598
"847",970,-6488295570.12491
"848",456,22023004323.253
"849",1524,9324307704.08424
"850",555,16339754880.5385
"851",1179,23626913229.6254
"852",1479,-9218984228.71003
"853",792,13994355005.4148
"854",361,17816301748.6658
"855",33,-5685484110.77054
"856",868,10060509414.2878
"857",236,13596261790.1195
"858",1224,15462946665.3987
"859",742,257437916.486368
"860",1101,21913606245.9945
"861",419,-13481564303.8169
"862",897,3784267702.34897
"863",231,11334065864.9818
"864",1142,5162316470.09565
"865",309,-10084129472.2938
"866",197,31495212439.0139
"867",539,11118361112.7557
"868",1177,10036770408.9775
"869",753,18915558729.0559
"870",1422,6278870688.41891
"871",796,14684799983.7553
"872",788,-639626942.428435
"873",847,-5026364908.28405
"874",773,14180382431.9905
"875",1563,12707451716.1004
"876",873,-7303232860.57951
"877",128,2257000354.71777
"878",296,11777378402.283
"879",840,7531759487.08668
"880",121,21758417294.4549
"881",723,6788934307.90789
"882",384,8510617933.45291
"883",98,14559853059.7223
"884",1254,6444528694.2565
"885",759,-6013665179.18037
"886",1561,18906851691.6513
"887",940,20757050582.8891
"888",853,23814062587.2104
"889",104,8932896644.68996
"890",311,12972629094.9817
"891",1352,5216563950.58824
"892",762,-6661239694.28143
"893",1008,-4308045932.15487
"894",320,3862431269.70839
"895",208,-5459913853.7508
"896",945,16007007280.8887
"897",952,-7498385308.09795
"898",774,18893761462.1285
"899",733,4836385887.17795
"900",62,-10678691993.4066
"901",685,13989451049.7814
"902",1155,23549287879.0618
"903",241,11129151053.3032
"904",235,22963489192.1676
"905",831,9916216826.90167
"906",1550,13898279684.6093
"907",88,9875037278.29667
"908",1064,2667327007.09991
"909",834,10130071499.7468
"910",1261,10447771489.2574
"911",854,28862675045.0999
"912",1083,-28454447126.894
"913",243,-12739102245.821
"914",1504,9047746138.04024
"915",24,20065727121.9841
"916",1313,11060699414.4614
"917",898,-656613350.72089
"918",661,10283729864.4464
"919",1014,35037685652.6063
"920",1416,25364991829.4166
"921",317,9896947051.18261
"922",987,6819787466.67675
"923",1243,4180662392.80893
"924",526,-3228910314.98619
"925",152,-1934356313.90864
"926",191,8694810539.25436
"927",1354,15861033073.9295
"928",237,7686227741.68569
"929",115,-27145125040.8172
"930",31,10917012501.7144
"931",1135,6902340478.01397
"932",1461,33050974443.6646
"933",674,4801356255.15419
"934",515,40419552527.6094
"935",349,10785428561.741
"936",721,4124728368.78437
"937",225,-2768589361.56059
"938",330,-3215919426.10994
"939",812,-25446346210.5634
"940",687,-786445431.864862
"941",357,-3171406378.46771
"942",1035,-7280990012.97738
"943",524,13093496007.7345
"944",610,-12805040862.7478
"945",85,-17883891491.9004
"946",757,11363080007.6236
"947",173,-763487161.09449
"948",1047,14803003519.1497
"949",714,216209246.685824
"950",1462,19027809441.5946
"951",705,16357355045.7078
"952",1332,34956030603.9623
"953",993,5005105538.36171
"954",725,10516123455.204
"955",862,7585824834.9453
"956",1026,18325426106.5661
"957",836,15615009555.5626
"958",51,21315737321.6295
"959",691,-7925976105.4293
"960",684,31412566009.1911
"961",385,9063433630.17872
"962",101,3954255841.79104
"963",887,-2215824202.00289
"964",614,8643449659.63552
"965",647,-3553275066.78133
"966",411,13379453312.9771
"967",571,-8751210350.63329
"968",922,-5339951227.57042
"969",1434,25820984775.5247
"970",362,-1290385106.53247
"971",1440,16280960307.2676
"972",1474,-3554516977.39646
"973",1103,-2322010710.83225
"974",1444,16516298440.9051
"975",1530,6746676678.81196
"976",452,8492432603.57822
"977",435,694788409.298796
"978",1388,-42952770.854423
"979",589,38926791627.9194
"980",20,18558944649.8199
"981",1323,-1692632829.26237
"982",919,4282913406.90107
"983",1502,-1612015018.94086
"984",529,7800471363.28931
"985",1128,3958314913.86993
"986",572,-1313658275.8215
"987",1180,9284630146.21385
"988",437,-10958317932.2074
"989",1475,10452570715.1046
"990",694,4462854321.63838
"991",1203,-11881676697.9308
"992",277,3835258876.0278
"993",902,19157826352.2681
"994",1472,3011246566.32836
"995",787,-8774026596.4752
"996",1073,2058338825.524
"997",653,11642374647.6425
"998",904,11882375559.3414
"999",1358,11849351696.4259
"1000",942,5856784505.0448
"1001",1289,-16214498939.206
"1002",1157,-759192683.067257
"1003",1541,12600817307.9735
"1004",57,5478732842.17258
"1005",403,13525492360.4306
"1006",341,8677461211.87474
"1007",74,16952783048.5853
"1008",1542,16946987614.7316
"1009",312,5851524461.05615
"1010",803,10192448372.1159
"1011",1406,12386884857.5545
"1012",249,-4196223537.22046
"1013",1200,-7086150303.02187
"1014",12,4365646489.47245
"1015",1401,2740739769.68222
"1016",13,9930210330.02549
"1017",408,9530834921.94038
"1018",565,6481451792.69942
"1019",482,8182661483.95414
"1020",994,-3123324246.61949
"1021",418,8324757666.16521
"1022",577,24409429614.9857
"1023",305,6454057125.44886
"1024",481,-4297790542.66375
"1025",1030,22329157136.6039
"1026",1278,18152170630.5173
"1027",316,302370494.095105
"1028",1374,6962647788.48876
"1029",176,-2421377250.09115
"1030",741,-4820704751.24215
"1031",511,11447141608.2988
"1032",1113,6577809477.2195
"1033",869,4440413473.49526
"1034",659,18076112167.3623
"1035",1547,-5562121876.30162
"1036",135,122083918.267574
"1037",467,1710810632.75777
"1038",1415,-1892926884.46305
"1039",1442,4879792327.9853
"1040",767,4573420167.13841
"1041",67,32510871208.7314
"1042",447,9922221699.40663
"1043",1468,8532895785.44077
"1044",1488,11664166693.7204
"1045",790,3044587919.03344
"1046",116,-4475400992.45399
"1047",120,-2602592158.63207
"1048",837,20837830943.2821
"1049",417,14215410226.8102
"1050",632,4915245459.90655
"1051",321,7964493964.05934
"1052",1372,1062933274.3767
"1053",604,-7407803178.4152
"1054",73,-4349559825.22577
"1055",1308,14135842731.335
"1056",856,29387664420.8933
"1057",1222,11558949391.1965
"1058",783,-3666131626.00122
"1059",268,16852396464.405
"1060",829,25122695026.2857
"1061",1341,-505247222.020156
"1062",1333,32971358780.2943
"1063",1140,13946311818.306
"1064",248,-3028470796.4326
"1065",1344,21031877863.8567
"1066",1256,-14728568.4566612
"1067",491,7326382216.248
"1068",722,9161406927.44084
"1069",629,-1419637768.30102
"1070",569,-2044750445.19669
"1071",1193,-5086069601.76006
"1072",267,12760812750.9872
"1073",605,8367667223.56496
"1074",1012,33336998641.2885
"1075",641,1967173930.63592
"1076",492,12059354381.9809
"1077",50,14528226346.8607
"1078",1418,376201808.735749
"1079",404,13676580524.2099
"1080",1129,13060790394.7469
"1081",921,7300464148.3338
"1082",882,10608742600.0865
"1083",1005,1772627410.87382
"1084",220,-9671857864.62885
"1085",855,24735120477.0858
"1086",37,10844298854.0387
"1087",1216,9672634555.62499
"1088",1207,5434673182.09569
"1089",870,-508389245.80751
"1090",118,-1150640822.17844
"1091",597,-3992771278.87601
"1092",575,5193844269.94085
"1093",1115,28140956168.1098
"1094",1284,30188585384.2684
"1095",895,8923117454.54044
"1096",1257,4861013028.08469
"1097",112,29463402165.0601
"1098",497,11790631997.3218
"1099",899,8140305732.25696
"1100",957,-702033244.296333
"1101",883,5188573110.77244
"1102",1304,6091840461.87009
"1103",145,935746438.994623
"1104",1112,11384646497.01
"1105",1404,3576827703.26222
"1106",1558,-14755373237.8702
"1107",1091,NA
"1108",402,18354657283.9804
"1109",658,4402506875.11928
"1110",340,10563424457.8644
"1111",181,-3535715937.03065
"1112",1316,2700920276.00234
"1113",55,-25048392871.4556
"1114",428,-15023615120.9562
"1115",158,9823730403.94516
"1116",364,9941815593.89376
"1117",344,18775973465.0475
"1118",469,13655594621.3829
"1119",16,27958317577.0554
"1120",1409,-8753584566.67802
"1121",1295,-18704649874.2659
"1122",257,-20676431060.3113
"1123",999,8986365531.60168
"1124",272,-11794004760.4609
"1125",1252,NA
"1126",213,-9646091940.11384
"1127",109,10714911766.1355
"1128",1204,17090338320.8137
"1129",576,23069490299.1878
"1130",1151,1908249414.33863
"1131",538,15765661128.9781
"1132",200,3869240389.47981
"1133",1487,14118833189.1479
"1134",1058,16902140694.4191
"1135",166,24025978830.9283
"1136",965,16723751398.5267
"1137",141,17887449076.5895
"1138",210,16231157111.3429
"1139",1426,19234306673.8328
"1140",209,-7791169601.11846
"1141",134,6362716371.53951
"1142",995,603312562.423175
"1143",486,20060713385.8334
"1144",1184,-11070603780.0739
"1145",1464,-6727376773.73381
"1146",623,16231444483.1628
"1147",80,-11182623941.2857
"1148",534,19142651157.7602
"1149",1122,4307786501.1195
"1150",734,-29622966767.9597
"1151",387,1487483893.92447
"1152",1338,4155713989.17152
"1153",1466,-2676868389.7996
"1154",988,9522908811.58015
"1155",845,18304572533.0035
"1156",754,18341755098.3639
"1157",530,2159351047.21412
"1158",354,22198747246.2847
"1159",1367,-5019676752.60617
"1160",1226,-13004551690.5915
"1161",1001,12587555000.0253
"1162",1439,19899965812.5837
"1163",1495,-366689516.557466
"1164",1551,15780677398.1108
"1165",992,5913866996.82464
"1166",215,3114144020.53578
"1167",1291,6402664558.54428
"1168",429,9708179579.09977
"1169",356,15016771911.6508
"1170",1013,-6645100687.14592
"1171",1349,-3084318305.88834
"1172",1211,2278455236.75352
"1173",502,14110371475.6282
"1174",431,-7799162372.05176
"1175",374,5445280136.2267
"1176",54,4102488354.94477
"1177",1497,-20337154450.6556
"1178",808,NA
"1179",388,-4224913677.56987
"1180",1481,12873305389.5235
"1181",407,15808923762.9403
"1182",1306,5416450922.5827
"1183",556,11023579187.3534
"1184",66,18476464533.0567
"1185",1364,15852076572.3884
"1186",673,7424517003.26971
"1187",1519,-239698446.167982
"1188",1286,-2536797653.74427
"1189",1173,4154630025.22112
"1190",319,5214003272.13022
"1191",462,22288326135.6999
"1192",1071,15359870544.7048
"1193",1041,-16473699295.4622
"1194",804,26275200577.9694
"1195",1465,6765411316.42001
"1196",87,10162984391.6015
"1197",1334,-6454708487.75521
"1198",465,-6230370989.9106
"1199",900,-7385843105.42693
"1200",1454,20784479886.39
"1201",1048,3218563943.15548
"1202",192,8611913808.84181
"1203",839,10214214981.5539
"1204",280,10564257863.9041
"1205",1011,-4634871662.45878
"1206",679,10355968320.6404
"1207",1050,-5520785193.82981
"1208",307,-633997405.765941
"1209",657,-8438354102.01698
"1210",1244,3939837574.90363
"1211",1402,13172019854.774
"1212",423,-5483806295.78474
"1213",84,21586124482.4468
"1214",298,-6887001521.29894
"1215",479,861515831.522498
"1216",105,21744789810.1954
"1217",427,17320741797.1584
"1218",1463,4135723420.83724
"1219",483,4404715355.375
"1220",219,-5449410320.96969
"1221",1506,12999676275.6079
"1222",440,18817590982.8759
"1223",297,-4277772825.73059
"1224",446,1809613246.69223
"1225",1515,4206527720.328
"1226",414,-10512693032.7183
"1227",253,-2058886538.4746
"1228",726,-1458099058.05049
"1229",956,12316603717.8391
"1230",156,8070503324.92506
"1231",1433,5040322813.76076
"1232",749,1311572787.37265
"1233",954,-8140225322.70308
"1234",324,4449876077.65237
"1235",1009,17187891761.9455
"1236",608,-6324415373.97988
"1237",1525,7556758222.69497
"1238",303,14706126831.8894
"1239",1166,10970471960.9989
"1240",1556,-3143407255.15714
"1241",642,15181390422.697
"1242",480,-5839974597.35394
"1243",1455,-17298399079.8263
"1244",728,-1408796922.08986
"1245",1405,-288774703.628886
"1246",508,9304384121.80806
"1247",974,-1488441152.26147
"1248",110,-9666631720.13848
"1249",1119,9445029577.55957
"1250",1493,-4948928563.31696
"1251",696,-5546141346.98994
"1252",688,-17334664766.1542
"1253",373,8679921091.45349
"1254",609,14797884071.8603
"1255",966,-23943751413.304
"1256",842,12815609013.8072
"1257",766,-10935689949.9433
"1258",392,23592552586.7023
"1259",1559,6659084239.07661
"1260",1505,722336702.02676
"1261",1053,-6417725829.77212
"1262",719,3202669565.14233
"1263",1489,23572732797.0597
"1264",108,10383506315.1271
"1265",506,7920290749.28289
"1266",1343,-3293902261.25814
"1267",1074,10044721163.2807
"1268",412,-509752652.925901
"1269",1384,-1058905933.28107
"1270",516,8080661684.43314
"1271",1248,9403242909.83215
"1272",1376,10799603246.5453
"1273",1137,-1166602605.23806
"1274",1237,6061899256.96756
"1275",1535,15133294235.6415
"1276",180,11899412500.8832
"1277",1395,-7277113290.41161
"1278",755,-3236607383.99935
"1279",1381,14322754088.4667
"1280",1420,20074152779.097
"1281",727,16944808823.9198
"1282",1229,791798854.178094
"1283",442,-13929766994.5917
"1284",636,12594668765.9379
"1285",1034,4868260114.97831
"1286",41,9903840050.44669
"1287",625,-4132682323.32306
"1288",933,21286466732.8055
"1289",542,-5342052474.33
"1290",163,-3525670242.08858
"1291",1238,-2016479295.63936
"1292",1249,-4098183613.47977
"1293",416,8351924048.4095
"1294",955,-8002003087.24278
"1295",1366,20056929762.0462
"1296",1033,2550110036.65732
"1297",1273,13564234757.6266
"1298",1411,-8745385018.92422
"1299",1301,9250812270.93595
"1300",611,5018966571.20872
"1301",371,-2660288592.29146
"1302",1007,40070230366.7158
"1303",746,1289817102.72402
"1304",494,14598160058.325
"1305",1320,4764634246.57567
"1306",675,-10187209674.0973
"1307",1087,-1801793060.07405
"1308",1507,-6528120151.55884
"1309",207,-5503462892.72552
"1310",46,19219060779.6087
"1311",953,1512108396.33992
"1312",246,3582784671.03161
"1313",1403,-4719698396.43505
"1314",365,16511606558.8873
"1315",1417,-7200834513.28972
"1316",830,-1637152979.95774
"1317",1566,853081514.194682
"1318",916,10111485328.4305
"1319",745,16267864835.6071
"1320",549,-15863610366.1959
"1321",276,-2179590179.49403
"1322",928,-876655977.676744
"1323",443,-1443559296.2106
"1324",426,-5314337994.87575
"1325",1496,17630184481.7056
"1326",1443,-6695665896.00612
"1327",393,8372493011.40042
"1328",527,11581101899.5216
"1329",432,-5945450253.21743
"1330",453,13120949788.6519
"1331",859,23619803129.759
"1332",1281,-2113909000.33969
"1333",1430,14056123842.7208
"1334",1452,268381053.429225
"1335",259,8628707797.16017
"1336",1471,-15154810853.7921
"1337",186,17492316010.1952
"1338",980,6059143026.10219
"1339",720,7891681738.01749
"1340",34,4370246796.35069
"1341",1378,3973162523.61748
"1342",487,-3461188844.67622
"1343",850,10405463989.126
"1344",598,6750306243.80104
"1345",190,13230330508.2603
"1346",689,1555038465.23346
"1347",520,-291429236.407546
"1348",813,10482987826.2636
"1349",1294,10858549763.4415
"1350",314,6047278699.12648
"1351",1319,-12917939955.7273
"1352",409,5322192483.55439
"1353",353,15271930673.8141
"1354",923,9765820104.78622
"1355",1321,1365226094.29715
"1356",1540,6068868336.49905
"1357",1467,-16011827731.5977
"1358",1436,-4295415478.58568
"1359",849,3092835338.35347
"1360",621,15398861360.1124
"1361",1391,3614808343.21041
"1362",1555,4936450999.14861
"1363",1065,13502661720.8225
"1364",971,-12345223469.9265
"1365",175,-6813872658.84012
"1366",668,-3800358535.32379
"1367",380,2454910691.93228
"1368",269,11921605442.461
"1369",1446,16318760781.8348
"1370",332,10563826546.2517
"1371",1059,11079775031.1366
"1372",149,13085169229.15
"1373",221,33290242102.1412
"1374",1202,10058559305.6742
"1375",735,-1161780238.64243
"1376",310,-8991791564.45675
"1377",1090,18007183994.5207
"1378",326,18327707921.0397
"1379",802,5055867104.62694
"1380",737,13471552078.739
"1381",1255,1541343851.5005
"1382",599,-60080942.2893867
"1383",144,7914723983.20152
"1384",1397,10437624780.4864
"1385",1346,-515404007.6835
"1386",28,-14752589314.6013
"1387",1159,14523152639.3611
"1388",444,3424851022.0491
"1389",713,9300863484.5673
"1390",825,-7177212358.68875
"1391",594,10190267334.9763
"1392",1148,-11733799033.5652
"1393",1460,9083994780.76153
"1394",602,2659541127.65601
"1395",72,-4316268779.85537
"1396",484,16917240883.4642
"1397",1097,1599584596.05187
"1398",967,-2618292897.02449
"1399",815,-2960882999.62686
"1400",1189,8921810134.17555
"1401",1379,27829612548.7471
"1402",1088,-7615208267.54509
"1403",646,17699743988.8574
"1404",132,4714601356.60158
"1405",732,3468941143.2001
"1406",117,9886636654.45156
"1407",843,5522613149.12423
"1408",662,21632680256.9915
"1409",585,10135291223.998
"1410",345,373322984.531137
"1411",513,10191603828.6836
"1412",461,4700442442.83469
"1413",433,10196326539.1018
"1414",1185,25616002928.2626
"1415",1251,2392980553.70858
"1416",1340,8366734864.26545
"1417",903,10740912771.1896
"1418",331,8038774289.4109
"1419",541,-9288933243.31184
"1420",592,4499201528.42589
"1421",702,8130075792.27765
"1422",254,-231369860.883669
"1423",637,12653350503.6355
"1424",14,26294844917.3679
"1425",562,-865129761.878296
"1426",1351,16362554497.8456
"1427",744,-14803166522.4605
"1428",1508,20457710653.9214
"1429",622,5534471681.97541
"1430",817,9355660144.26243
"1431",1242,707950528.680759
"1432",821,15804558073.5437
"1433",369,-7911883970.4292
"1434",1145,-1118910847.95099
"1435",15,-6585892350.92
"1436",499,12410779567.1965
"1437",122,4371181715.23184
"1438",1231,24823136892.171
"1439",1175,9310617536.21141
"1440",1156,3799965202.50051
"1441",518,-2152991530.75666
"1442",1082,-96289063.6619635
"1443",1431,-3741202614.58134
"1444",1021,-190513607.711497
"1445",211,9723495142.79367
"1446",1373,-2660003529.21167
"1447",1554,4357337626.38704
"1448",545,8481580958.31787
"1449",367,9448830749.52228
"1450",47,1175899263.98399
"1451",909,7060121081.83116
"1452",891,6766701486.85549
"1453",1258,4669150030.00756
"1454",203,2233445171.36201
"1455",885,14751850033.8687
"1456",500,-2036655917.85002
"1457",986,10690467982.5018
"1458",1164,16893350832.6833
"1459",561,16402886863.9959
"1460",798,5217758305.87004
"1461",1386,774919373.458435
"1462",501,5162726477.63471
"1463",22,10192126238.8345
"1464",977,-4225761751.76443
"1465",656,10981411339.5998
"1466",1123,245813854.881477
"1467",137,16077203429.3032
"1468",1045,4085543185.82639
"1469",950,-195522084.985947
"1470",807,7810256965.74985
"1471",1527,1440912322.94985
"1472",1239,18939078591.7331
"1473",313,7462870029.97057
"1474",505,10765239310.2029
"1475",1191,-2126724774.09001
"1476",660,7910685173.77394
"1477",1448,4367933990.92131
"1478",823,11561766528.9145
"1479",934,12960771305.4771
"1480",1432,-6199331013.16962
"1481",45,-1445899567.60483
"1482",1317,-176916151.905066
"1483",1144,5408863347.11902
"1484",1016,22872842664.4887
"1485",422,13645932280.6222
"1486",1018,7808831624.80963
"1487",747,9539946562.90079
"1488",26,-7652259586.45878
"1489",1526,23053704734.8035
"1490",1172,17205500041.5434
"1491",1387,-10308290073.7164
"1492",230,-9103823514.32573
"1493",835,2620927814.13441
"1494",1425,20260205009.457
"1495",779,2449491746.16901
"1496",11,22587652780.9208
"1497",1292,16631679922.8361
"1498",405,-7213384260.04524
"1499",493,-3470518028.84818
"1500",184,17672849633.9386
"1501",553,-2798317192.00625
"1502",892,4716493173.55478
"1503",195,14592464271.1204
"1504",123,16977703700.7634
"1505",420,2157625968.71976
"1506",852,-4719073204.88656
"1507",706,-11087540862.8607
"1508",114,1100319383.42906
"1509",183,8437862387.50698
"1510",1513,19495028127.6183
"1511",1529,955973161.770341
"1512",1270,5820434052.71837
"1513",376,11912404328.385
"1514",1084,-3111120202.27813
"1515",1546,15228829561.7152
"1516",554,32756520394.5551
"1517",1544,6514149368.46039
"1518",226,-8447526934.44655
"1519",1025,6327089167.40059
"1520",865,11194953770.1076
"1521",752,30174820586.9879
"1522",232,10766952.4777918
"1523",1068,24288528862.7881
"1524",61,11567187537.2328
"1525",771,13849437295.8326
"1526",485,9680285703.29653
"1527",1066,44025614081.5861
"1528",363,-368689229.899492
"1529",1267,17529642846.7258
"1530",1318,22496471882.0821
"1531",709,-1900168875.23409
"1532",99,7703209045.74858
"1533",113,31341528388.9008
"1534",582,-4867988903.77097
"1535",1353,-8884291625.79668
"1536",743,-2734359663.23267
"1537",410,2964930600.46012
"1538",336,-3593452770.56366
"1539",390,-10263292909.656
"1540",478,199462643.574566
"1541",240,-8693199675.18001
"1542",1154,15762283672.5113
"1543",1413,874172987.763008
"1544",814,-652564899.134058
"1545",142,NA
"1546",1348,-1394362354.21721
"1547",450,6570193249.28935
"1548",1110,9339101278.00832
"1549",1280,15090889319.5419
"1550",697,13773727343.4458
"1551",860,9809805938.98428
"1552",275,-13156919315.0667
"1553",778,-5950000878.06342
"1554",383,2370802081.44586
"1555",1120,7091396029.95189
"1556",583,-5293101804.01089
"1557",1186,4799567978.47394
"1558",449,29178180213.1027
"1559",78,14654996167.9983
"1560",1300,-12275148828.0685
"1561",185,15970702226.1683
"1562",1331,-8468007354.71159
"1563",1392,16186311191.964
"1564",1297,-6399414870.71979
"1565",690,1236818847.75454
"1566",1263,-27683683148.5485
"1567",946,7690748131.17373
